Plot_ID,Tray,Rep,Entry,Plot,flowering,Wax Heads,Wax Leaf BOTTOM,Wax Leaf TOP,Yield?
Ral20-LA-1,16.1.1,1,Barley,1,4/9/2020,0,BOTTOM,TOP,Acceptable
Ral20-LA-2,16.1.2,1,LA95135,2,4/12/2020,1,1,0,1
Ral20-LA-3,16.1.3,1,AGS2000,3,4/10/2020,2,3,1,1
Ral20-LA-4,16.1.4,1,LA95135,4,4/12/2020,1,1,0,1
Ral20-LA-5,16.2.1,1,356,5,4/13/2020,4,3,1,1
Ral20-LA-6,16.2.2,1,193,6,4/7/2020,2,2,0,0
Ral20-LA-7,16.2.3,1,251,7,4/9/2020,3,3,0,1
Ral20-LA-8,16.2.4,1,94,8,4/11/2020,3,3,1,1
Ral20-LA-9,16.3.1,1,228,9,4/15/2020,2,4,1,1
Ral20-LA-10,16.3.2,1,AGS2000,10,4/8/2020,4,3,0,1
Ral20-LA-11,16.3.3,1,106,11,4/12/2020,2,2,0,1
Ral20-LA-12,16.3.4,1,92,12,4/8/2020,2,1,0,1
Ral20-LA-13,16.4.1,1,350,13,4/11/2020,3,3,1,1
Ral20-LA-14,16.4.2,1,288,14,4/7/2020,1,2,0,1
Ral20-LA-15,16.4.3,1,255,15,4/8/2020,4,3,0,1
Ral20-LA-16,16.4.4,1,244,16,4/10/2020,4,4,0,1
Ral20-LA-17,16.5.1,1,289,17,4/8/2020,3,2,0,1
Ral20-LA-18,16.5.2,1,311,18,4/11/2020,2,2,0,1
Ral20-LA-19,16.5.3,1,354,19,4/8/2020,4,3,0,1
Ral20-LA-20,16.5.4,1,47,20,4/7/2020,3,1,0,1
Ral20-LA-21,16.6.1,1,LA95135,21,4/11/2020,1,1,0,1
Ral20-LA-22,16.6.2,1,332,22,4/10/2020,3,2,0,1
Ral20-LA-23,16.6.3,1,250,23,4/13/2020,2,1,0,1
Ral20-LA-24,16.6.4,1,56,24,4/7/2020,4,4,0,1
Ral20-LA-25,16.7.1,1,278,25,4/16/2020,4,4,0,1
Ral20-LA-26,16.7.2,1,179,26,4/12/2020,3,4,0,1
Ral20-LA-27,16.7.3,1,294,27,4/8/2020,2,1,0,
Ral20-LA-28,16.7.4,1,182,28,4/9/2020,2,2,0,1
Ral20-LA-29,16.8.1,1,157,29,4/14/2020,4,3,0,1
Ral20-LA-30,16.8.2,1,213,30,4/14/2020,2,2,0,1
Ral20-LA-31,16.8.3,1,245,31,4/13/2020,3,4,0,1
Ral20-LA-32,16.8.4,1,312,32,4/11/2020,2,1,0,
Ral20-LA-33,16.9.1,1,110,33,4/13/2020,4,3,1,
Ral20-LA-34,16.9.2,1,60,34,4/13/2020,2,1,0,1
Ral20-LA-35,16.9.3,1,LA95135,35,4/12/2020,1,0,0,1
Ral20-LA-36,16.9.4,1,339,36,4/5/2020,2,2,0,1
Ral20-LA-37,16.10.1,1,169,37,4/15/2020,4,4,2,1
Ral20-LA-38,16.10.2,1,113,38,4/7/2020,4,3,0,1
Ral20-LA-39,16.10.3,1,120,39,4/10/2020,3,2,0,
Ral20-LA-40,16.10.4,1,7,40,4/13/2020,4,1,0,1
Ral20-LA-41,16.11.1,1,80,41,4/13/2020,3,4,0,1
Ral20-LA-42,16.11.2,1,206,42,4/8/2020,3,3,0,1
Ral20-LA-43,16.11.3,1,349,43,4/13/2020,1,4,0,1
Ral20-LA-44,16.11.4,1,141,44,4/10/2020,1,2,0,1
Ral20-LA-45,16.12.1,1,341,45,4/13/2020,3,4,1,1
Ral20-LA-46,16.12.2,1,AGS2000,46,4/7/2020,4,3,0,1
Ral20-LA-47,16.12.3,1,90,47,4/12/2020,1,4,2,
Ral20-LA-48,16.12.4,1,159,48,4/6/2020,2,3,0,1
Ral20-LA-49,16.13.1,1,224,49,4/8/2020,2,3,0,1
Ral20-LA-50,16.13.2,1,189,50,4/6/2020,2,1,0,1
Ral20-LA-51,16.13.3,1,145,51,4/5/2020,3,2,0,
Ral20-LA-52,16.13.4,1,38,52,4/9/2020,3,4,3,1
Ral20-LA-53,16.14.1,1,126,53,4/12/2020,1,4,3,1
Ral20-LA-54,16.14.2,1,223,54,4/8/2020,3,2,0,0
Ral20-LA-55,16.14.3,1,167,55,4/9/2020,3,3,1,1
Ral20-LA-56,16.14.4,1,LA95135,56,4/10/2020,1,1,0,1
Ral20-LA-57,16.15.1,1,196,57,4/14/2020,2,3,0,1
Ral20-LA-58,16.15.2,1,201,58,4/7/2020,2,2,0,0
Ral20-LA-59,16.15.3,1,239,59,4/10/2020,3,4,1,0
Ral20-LA-60,16.15.4,1,353,60,4/6/2020,2,2,0,1
Ral20-LA-61,16.16.1,1,23,61,4/14/2020,3,4,2,1
Ral20-LA-62,16.16.2,1,343,62,4/9/2020,2,4,1,1
Ral20-LA-63,16.16.3,1,115,63,4/10/2020,2,4,0,1
Ral20-LA-64,16.16.4,1,199,64,4/5/2020,1,3,0,1
Ral20-LA-65,16.17.1,1,328,65,4/8/2020,3,2,0,0
Ral20-LA-66,16.17.2,1,AGS2000,66,4/5/2020,4,4,0,1
Ral20-LA-67,16.17.3,1,340,67,4/6/2020,4,3,0,1
Ral20-LA-68,16.17.4,1,274,68,4/8/2020,3,3,0,1
Ral20-LA-69,16.18.1,1,55,69,4/7/2020,2,3,0,1
Ral20-LA-70,16.18.2,1,11,70,4/4/2020,4,4,1,1
Ral20-LA-71,16.18.3,1,163,71,4/9/2020,1,2,0,1
Ral20-LA-72,16.18.4,1,348,72,4/9/2020,3,1,0,1
Ral20-LA-73,16.19.1,1,253,73,4/5/2020,1,1,0,1
Ral20-LA-74,16.19.2,1,359,74,4/7/2020,2,3,1,1
Ral20-LA-75,16.19.3,1,284,75,4/12/2020,3,4,0,1
Ral20-LA-76,16.19.4,1,257,76,4/5/2020,1,1,0,1
Ral20-LA-77,16.20.1,1,122,77,4/8/2020,2,2,0,1
Ral20-LA-78,16.20.2,1,174,78,4/7/2020,2,4,2,1
Ral20-LA-79,16.20.3,1,281,79,4/12/2020,4,4,1,1
Ral20-LA-80,16.20.4,1,177,80,4/11/2020,2,4,0,1
Ral20-LA-81,17.1.1,1,Barley,81,4/10/2020,0,BOTTOM,,1
Ral20-LA-82,17.1.2,1,AGS2000,82,4/4/2020,4,3,0,1
Ral20-LA-83,17.1.3,1,LA95135,83,4/8/2020,1,1,0,1
Ral20-LA-84,17.1.4,1,AGS2000,84,4/9/2020,4,4,0,1
Ral20-LA-85,17.2.1,1,347,85,4/12/2020,3,3,0,1
Ral20-LA-86,17.2.2,1,276,86,4/9/2020,2,1,0,1
Ral20-LA-87,17.2.3,1,58,87,4/4/2020,2,2,0,1
Ral20-LA-88,17.2.4,1,321,88,4/8/2020,2,3,0,1
Ral20-LA-89,17.3.1,1,207,89,4/8/2020,3,3,0,1
Ral20-LA-90,17.3.2,1,13,90,4/2/2020,2,2,0,1
Ral20-LA-91,17.3.3,1,160,91,4/4/2020,1,2,0,1
Ral20-LA-92,17.3.4,1,40,92,4/3/2020,2,3,0,1
Ral20-LA-93,17.4.1,1,283,93,4/9/2020,2,2,0,1
Ral20-LA-94,17.4.2,1,292,94,4/7/2020,1,2,0,1
Ral20-LA-95,17.4.3,1,344,95,4/3/2020,2,2,0,1
Ral20-LA-96,17.4.4,1,330,96,4/4/2020,3,3,0,1
Ral20-LA-97,17.5.1,1,91,97,4/4/2020,2,1,0,1
Ral20-LA-98,17.5.2,1,280,98,4/5/2020,2,2,0,1
Ral20-LA-99,17.5.3,1,273,99,4/6/2020,2,2,0,0
Ral20-LA-100,17.5.4,1,6,100,4/7/2020,4,3,0,1
Ral20-LA-101,17.6.1,1,84,101,4/5/2020,3,4,0,1
Ral20-LA-102,17.6.2,1,26,102,4/10/2020,4,3,0,0
Ral20-LA-103,17.6.3,1,147,103,4/8/2020,3,3,0,1
Ral20-LA-104,17.6.4,1,LA95135,104,4/8/2020,1,1,0,1
Ral20-LA-105,17.7.1,1,205,105,4/19/2020,4,4,1,1
Ral20-LA-106,17.7.2,1,128,106,4/9/2020,3,3,0,1
Ral20-LA-107,17.7.3,1,267,107,4/8/2020,2,1,0,1
Ral20-LA-108,17.7.4,1,35,108,4/13/2020,4,4,3,1
Ral20-LA-109,17.8.1,1,39,109,4/4/2020,4,3,0,1
Ral20-LA-110,17.8.2,1,57,110,4/7/2020,3,2,0,1
Ral20-LA-111,17.8.3,1,218,111,4/6/2020,1,2,0,1
Ral20-LA-112,17.8.4,1,168,112,4/3/2020,4,4,2,0
Ral20-LA-113,17.9.1,1,309,113,4/6/2020,3,4,1,1
Ral20-LA-114,17.9.2,1,331,114,4/10/2020,4,4,1,1
Ral20-LA-115,17.9.3,1,18,115,4/9/2020,2,2,0,1
Ral20-LA-116,17.9.4,1,171,116,4/10/2020,3,4,1,1
Ral20-LA-117,17.10.1,1,20,117,4/15/2020,2,4,2,1
Ral20-LA-118,17.10.2,1,258,118,4/9/2020,3,3,0,1
Ral20-LA-119,17.10.3,1,79,119,4/9/2020,2,3,0,1
Ral20-LA-120,17.10.4,1,190,120,4/7/2020,4,4,2,1
Ral20-LA-121,17.11.1,1,107,121,4/13/2020,3,4,0,1
Ral20-LA-122,17.11.2,1,87,122,4/12/2020,3,4,2,1
Ral20-LA-123,17.11.3,1,246,123,4/4/2020,2,3,0,
Ral20-LA-124,17.11.4,1,313,124,4/7/2020,3,4,1,1
Ral20-LA-125,17.12.1,1,153,125,4/9/2020,3,3,0,1
Ral20-LA-126,17.12.2,1,187,126,4/6/2020,1,3,0,1
Ral20-LA-127,17.12.3,1,70,127,4/8/2020,4,4,2,1
Ral20-LA-128,17.12.4,1,AGS2000,128,4/8/2020,4,4,2,1
Ral20-LA-129,17.13.1,1,45,129,4/17/2020,2,4,1,1
Ral20-LA-130,17.13.2,1,299,130,4/9/2020,4,4,2,1
Ral20-LA-131,17.13.3,1,152,131,4/8/2020,3,3,0,1
Ral20-LA-132,17.13.4,1,155,132,4/8/2020,3,4,1,1
Ral20-LA-133,17.14.1,1,29,133,4/14/2020,3,4,1,0
Ral20-LA-134,17.14.2,1,133,134,4/8/2020,3,2,0,1
Ral20-LA-135,17.14.3,1,333,135,4/7/2020,1,1,0,1
Ral20-LA-136,17.14.4,1,131,136,4/13/2020,2,2,0,1
Ral20-LA-137,17.15.1,1,108,137,4/9/2020,2,2,0,1
Ral20-LA-138,17.15.2,1,67,138,4/8/2020,2,4,1,1
Ral20-LA-139,17.15.3,1,AGS2000,139,4/7/2020,4,4,2,1
Ral20-LA-140,17.15.4,1,300,140,4/10/2020,4,4,2,1
Ral20-LA-141,17.16.1,1,186,141,4/14/2020,2,4,1,1
Ral20-LA-142,17.16.2,1,83,142,4/8/2020,3,4,0,1
Ral20-LA-143,17.16.3,1,197,143,4/9/2020,2,4,0,1
Ral20-LA-144,17.16.4,1,68,144,4/8/2020,3,3,1,
Ral20-LA-145,17.17.1,1,252,145,4/13/2020,3,4,1,1
Ral20-LA-146,17.17.2,1,265,146,4/8/2020,3,3,0,1
Ral20-LA-147,17.17.3,1,233,147,4/5/2020,1,1,0,1
Ral20-LA-148,17.17.4,1,119,148,4/7/2020,3,3,0,
Ral20-LA-149,17.18.1,1,LA95135,149,4/9/2020,1,2,0,
Ral20-LA-150,17.18.2,1,219,150,4/9/2020,2,2,0,1
Ral20-LA-151,17.18.3,1,77,151,4/10/2020,2,1,0,1
Ral20-LA-152,17.18.4,1,43,152,4/15/2020,2,4,2,1
Ral20-LA-153,17.19.1,1,158,153,4/10/2020,2,3,0,1
Ral20-LA-154,17.19.2,1,AGS2000,154,4/8/2020,4,3,0,1
Ral20-LA-155,17.19.3,1,268,155,4/8/2020,3,4,0,0
Ral20-LA-156,17.19.4,1,307,156,4/7/2020,2,2,0,1
Ral20-LA-157,17.20.1,1,241,157,4/8/2020,3,4,0,1
Ral20-LA-158,17.20.2,1,104,158,4/8/2020,3,4,0,1
Ral20-LA-159,17.20.3,1,231,159,4/13/2020,4,4,3,1
Ral20-LA-160,17.20.4,1,42,160,4/10/2020,4,4,1,1
Ral20-LA-161,18.1.1,1,Barley,161,4/7/2020,0,BOTTOM,,1
Ral20-LA-162,18.1.2,1,LA95135,162,4/8/2020,1,1,0,1
Ral20-LA-163,18.1.3,1,AGS2000,163,4/5/2020,4,4,0,1
Ral20-LA-164,18.1.4,1,LA95135,164,4/7/2020,1,2,0,1
Ral20-LA-165,18.2.1,1,32,165,4/8/2020,4,2,0,1
Ral20-LA-166,18.2.2,1,136,166,4/9/2020,4,2,0,1
Ral20-LA-167,18.2.3,1,61,167,4/7/2020,2,3,0,1
Ral20-LA-168,18.2.4,1,89,168,4/3/2020,2,2,0,1
Ral20-LA-169,18.3.1,1,285,169,4/7/2020,4,4,1,1
Ral20-LA-170,18.3.2,1,249,170,4/9/2020,2,1,0,1
Ral20-LA-171,18.3.3,1,297,171,4/4/2020,1,2,0,1
Ral20-LA-172,18.3.4,1,LA95135,172,4/8/2020,1,2,0,1
Ral20-LA-173,18.4.1,1,49,173,4/4/2020,2,3,0,1
Ral20-LA-174,18.4.2,1,149,174,4/6/2020,3,3,0,1
Ral20-LA-175,18.4.3,1,5,175,4/10/2020,3,3,2,1
Ral20-LA-176,18.4.4,1,150,176,4/3/2020,3,3,0,1
Ral20-LA-177,18.5.1,1,304,177,4/4/2020,2,2,0,1
Ral20-LA-178,18.5.2,1,188,178,4/7/2020,3,,0,1
Ral20-LA-179,18.5.3,1,185,179,4/7/2020,2,3,0,1
Ral20-LA-180,18.5.4,1,27,180,4/14/2020,2,2,0,1
Ral20-LA-181,18.6.1,1,254,181,4/5/2020,3,1,0,1
Ral20-LA-182,18.6.2,1,73,182,4/8/2020,4,2,0,1
Ral20-LA-183,18.6.3,1,237,183,4/7/2020,1,0,0,1
Ral20-LA-184,18.6.4,1,221,184,4/8/2020,4,4,1,1
Ral20-LA-185,18.7.1,1,345,185,4/17/2020,3,4,2,1
Ral20-LA-186,18.7.2,1,AGS2000,186,4/9/2020,4,3,2,1
Ral20-LA-187,18.7.3,1,282,187,4/12/2020,3,4,1,1
Ral20-LA-188,18.7.4,1,16,188,4/8/2020,3,4,0,1
Ral20-LA-189,18.8.1,1,298,189,4/8/2020,4,4,1,1
Ral20-LA-190,18.8.2,1,17,190,4/16/2020,2,4,1,1
Ral20-LA-191,18.8.3,1,96,191,4/9/2020,3,4,1,1
Ral20-LA-192,18.8.4,1,75,192,4/4/2020,3,2,0,1
Ral20-LA-193,18.9.1,1,291,193,4/10/2020,2,2,0,1
Ral20-LA-194,18.9.2,1,222,194,4/7/2020,4,3,0,1
Ral20-LA-195,18.9.3,1,19,195,4/5/2020,1,3,0,1
Ral20-LA-196,18.9.4,1,12,196,4/8/2020,1,2,0,0
Ral20-LA-197,18.10.1,1,275,197,4/8/2020,4,4,1,1
Ral20-LA-198,18.10.2,1,36,198,4/9/2020,4,4,0,1
Ral20-LA-199,18.10.3,1,198,199,4/7/2020,4,4,0,0
Ral20-LA-200,18.10.4,1,180,200,4/11/2020,1,3,0,1
Ral20-LA-201,18.11.1,1,LA95135,201,4/7/2020,1,0,0,1
Ral20-LA-202,18.11.2,1,99,202,4/9/2020,4,1,0,1
Ral20-LA-203,18.11.3,1,54,203,4/11/2020,4,4,1,1
Ral20-LA-204,18.11.4,1,216,204,4/10/2020,4,4,1,
Ral20-LA-205,18.12.1,1,327,205,4/3/2020,4,4,1,1
Ral20-LA-206,18.12.2,1,269,206,4/5/2020,2,2,0,1
Ral20-LA-207,18.12.3,1,166,207,4/6/2020,3,2,0,1
Ral20-LA-208,18.12.4,1,148,208,4/6/2020,2,2,0,1
Ral20-LA-209,18.13.1,1,33,209,4/12/2020,2,3,0,1
Ral20-LA-210,18.13.2,1,132,210,4/8/2020,2,2,0,1
Ral20-LA-211,18.13.3,1,65,211,4/7/2020,3,1,0,1
Ral20-LA-212,18.13.4,1,260,212,4/9/2020,4,4,0,1
Ral20-LA-213,18.14.1,1,44,213,4/13/2020,4,4,2,1
Ral20-LA-214,18.14.2,1,195,214,4/9/2020,4,4,1,1
Ral20-LA-215,18.14.3,1,256,215,4/7/2020,2,2,0,1
Ral20-LA-216,18.14.4,1,LA95135,216,4/9/2020,1,0,0,1
Ral20-LA-217,18.15.1,1,53,217,4/8/2020,1,0,0,1
Ral20-LA-218,18.15.2,1,143,218,4/6/2020,3,1,0,1
Ral20-LA-219,18.15.3,1,81,219,4/5/2020,2,2,0,1
Ral20-LA-220,18.15.4,1,34,220,4/9/2020,2,3,0,1
Ral20-LA-221,18.16.1,1,232,221,4/11/2020,4,2,0,1
Ral20-LA-222,18.16.2,1,50,222,4/3/2020,2,3,0,1
Ral20-LA-223,18.16.3,1,315,223,4/8/2020,3,4,1,
Ral20-LA-224,18.16.4,1,264,224,4/7/2020,2,3,0,1
Ral20-LA-225,18.17.1,1,306,225,4/6/2020,3,4,1,1
Ral20-LA-226,18.17.2,1,302,226,4/9/2020,1,2,0,
Ral20-LA-227,18.17.3,1,76,227,4/8/2020,4,3,0,1
Ral20-LA-228,18.17.4,1,146,228,4/9/2020,1,3,0,1
Ral20-LA-229,18.18.1,1,63,229,4/8/2020,2,2,0,1
Ral20-LA-230,18.18.2,1,263,230,4/8/2020,3,2,0,1
Ral20-LA-231,18.18.3,1,238,231,4/7/2020,1,1,0,1
Ral20-LA-232,18.18.4,1,8,232,4/9/2020,1,2,0,
Ral20-LA-233,18.19.1,1,98,233,4/9/2020,4,3,0,0
Ral20-LA-234,18.19.2,1,202,234,4/8/2020,1,2,0,0
Ral20-LA-235,18.19.3,1,AGS2000,235,4/8/2020,4,2,0,0
Ral20-LA-236,18.19.4,1,317,236,4/16/2020,3,4,2,0
Ral20-LA-237,18.20.1,1,209,237,4/6/2020,2,2,0,1
Ral20-LA-238,18.20.2,1,208,238,4/7/2020,2,3,0,1
Ral20-LA-239,18.20.3,1,279,239,4/5/2020,2,3,0,1
Ral20-LA-240,18.20.4,1,62,240,4/8/2020,2,2,0,1
Ral20-LA-241,19.1.1,1,Barley,241,4/8/2020,0,,TOP,1
Ral20-LA-242,19.1.2,1,AGS2000,242,4/5/2020,4,4,0,1
Ral20-LA-243,19.1.3,1,LA95135,243,4/8/2020,1,1,0,1
Ral20-LA-244,19.1.4,1,AGS2000,244,4/5/2020,4,4,0,1
Ral20-LA-245,19.2.1,1,200,245,4/3/2020,3,3,0,1
Ral20-LA-246,19.2.2,1,203,246,4/8/2020,2,2,0,1
Ral20-LA-247,19.2.3,1,111,247,4/9/2020,4,4,0,1
Ral20-LA-248,19.2.4,1,293,248,4/4/2020,1,2,0,1
Ral20-LA-249,19.3.1,1,109,249,4/5/2020,3,4,0,1
Ral20-LA-250,19.3.2,1,175,250,4/8/2020,3,3,0,1
Ral20-LA-251,19.3.3,1,LA95135,251,4/7/2020,1,1,0,1
Ral20-LA-252,19.3.4,1,14,252,4/10/2020,2,4,0,1
Ral20-LA-253,19.4.1,1,64,253,4/11/2020,4,,0,1
Ral20-LA-254,19.4.2,1,69,254,4/7/2020,3,3,0,1
Ral20-LA-255,19.4.3,1,52,255,4/8/2020,1,1,0,1
Ral20-LA-256,19.4.4,1,170,256,4/8/2020,3,2,0,1
Ral20-LA-257,19.5.1,1,25,257,4/7/2020,2,4,1,1
Ral20-LA-258,19.5.2,1,314,258,4/7/2020,3,2,0,
Ral20-LA-259,19.5.3,1,234,259,4/9/2020,1,2,0,
Ral20-LA-260,19.5.4,1,335,260,4/14/2020,3,4,2,1
Ral20-LA-261,19.6.1,1,334,261,4/9/2020,2,2,0,1
Ral20-LA-262,19.6.2,1,121,262,4/9/2020,1,4,0,1
Ral20-LA-263,19.6.3,1,235,263,4/4/2020,1,1,0,1
Ral20-LA-264,19.6.4,1,342,264,4/5/2020,3,3,0,1
Ral20-LA-265,19.7.1,1,31,265,4/7/2020,2,3,0,1
Ral20-LA-266,19.7.2,1,173,266,4/6/2020,2,4,0,1
Ral20-LA-267,19.7.3,1,271,267,4/9/2020,3,2,0,1
Ral20-LA-268,19.7.4,1,242,268,4/8/2020,1,2,0,1
Ral20-LA-269,19.8.1,1,176,269,4/8/2020,2,3,0,1
Ral20-LA-270,19.8.2,1,102,270,4/10/2020,4,4,2,1
Ral20-LA-271,19.8.3,1,144,271,4/9/2020,2,1,0,1
Ral20-LA-272,19.8.4,1,165,272,4/8/2020,2,4,0,
Ral20-LA-273,19.9.1,1,204,273,4/10/2020,1,2,0,1
Ral20-LA-274,19.9.2,1,AGS2000,274,4/7/2020,4,4,0,1
Ral20-LA-275,19.9.3,1,88,275,4/9/2020,3,3,0,1
Ral20-LA-276,19.9.4,1,117,276,4/3/2020,2,3,0,1
Ral20-LA-277,19.10.1,1,30,277,4/5/2020,2,2,0,0
Ral20-LA-278,19.10.2,1,LA95135,278,4/8/2020,1,1,0,1
Ral20-LA-279,19.10.3,1,308,279,4/15/2020,2,4,1,1
Ral20-LA-280,19.10.4,1,AGS2000,280,4/8/2020,4,4,1,1
Ral20-LA-281,19.11.1,1,124,281,4/8/2020,2,2,0,1
Ral20-LA-282,19.11.2,1,135,282,4/10/2020,2,4,0,1
Ral20-LA-283,19.11.3,1,247,283,4/8/2020,3,3,0,0
Ral20-LA-284,19.11.4,1,4,284,4/9/2020,2,3,0,1
Ral20-LA-285,19.12.1,1,301,285,4/9/2020,3,4,3,1
Ral20-LA-286,19.12.2,1,277,286,4/10/2020,3,1,0,1
Ral20-LA-287,19.12.3,1,230,287,4/11/2020,1,3,0,1
Ral20-LA-288,19.12.4,1,225,288,4/14/2020,2,3,0,1
Ral20-LA-289,19.13.1,1,139,289,4/9/2020,2,4,1,1
Ral20-LA-290,19.13.2,1,134,290,4/7/2020,1,4,0,1
Ral20-LA-291,19.13.3,1,338,291,4/9/2020,2,1,0,1
Ral20-LA-292,19.13.4,1,326,292,4/9/2020,2,4,0,1
Ral20-LA-293,19.14.1,1,15,293,4/6/2020,2,3,0,1
Ral20-LA-294,19.14.2,1,322,294,4/10/2020,4,4,1,1
Ral20-LA-295,19.14.3,1,295,295,4/7/2020,2,2,0,1
Ral20-LA-296,19.14.4,1,337,296,4/6/2020,1,3,0,1
Ral20-LA-297,19.15.1,1,325,297,4/5/2020,2,4,0,1
Ral20-LA-298,19.15.2,1,178,298,4/8/2020,3,3,0,1
Ral20-LA-299,19.15.3,1,48,299,4/8/2020,1,2,0,1
Ral20-LA-300,19.15.4,1,261,300,4/10/2020,3,4,1,1
Ral20-LA-301,19.16.1,1,116,301,4/3/2020,1,2,0,1
Ral20-LA-302,19.16.2,1,229,302,4/7/2020,3,1,0,1
Ral20-LA-303,19.16.3,1,72,303,4/8/2020,2,3,0,1
Ral20-LA-304,19.16.4,1,226,304,4/5/2020,1,2,0,1
Ral20-LA-305,19.17.1,1,9,305,4/5/2020,1,4,1,1
Ral20-LA-306,19.17.2,1,220,306,4/7/2020,4,4,1,1
Ral20-LA-307,19.17.3,1,3,307,4/6/2020,4,2,0,1
Ral20-LA-308,19.17.4,1,191,308,4/4/2020,3,2,0,0
Ral20-LA-309,19.18.1,1,323,309,4/9/2020,3,2,0,1
Ral20-LA-310,19.18.2,1,85,310,4/6/2020,1,2,0,1
Ral20-LA-311,19.18.3,1,24,311,4/5/2020,2,1,0,1
Ral20-LA-312,19.18.4,1,22,312,4/8/2020,3,4,1,1
Ral20-LA-313,19.19.1,1,227,313,4/9/2020,3,2,0,1
Ral20-LA-314,19.19.2,1,266,314,4/8/2020,2,4,1,1
Ral20-LA-315,19.19.3,1,101,315,4/6/2020,3,2,0,1
Ral20-LA-316,19.19.4,1,100,316,4/9/2020,3,4,1,1
Ral20-LA-317,19.20.1,1,71,317,4/9/2020,3,2,0,1
Ral20-LA-318,19.20.2,1,2,318,4/4/2020,1,0,0,1
Ral20-LA-319,19.20.3,1,360,319,4/8/2020,3,4,0,0
Ral20-LA-320,19.20.4,1,357,320,4/9/2020,3,4,1,1
Ral20-LA-321,20.1.1,1,Barley,321,4/6/2020,0,,,1
Ral20-LA-322,20.1.2,1,LA95135,322,4/7/2020,1,1,0,1
Ral20-LA-323,20.1.3,1,AGS2000,323,4/5/2020,4,4,0,1
Ral20-LA-324,20.1.4,1,LA95135,324,4/6/2020,1,1,0,1
Ral20-LA-325,20.2.1,1,123,325,4/5/2020,3,1,0,1
Ral20-LA-326,20.2.2,1,164,326,4/6/2020,3,2,1,1
Ral20-LA-327,20.2.3,1,272,327,4/9/2020,4,2,0,1
Ral20-LA-328,20.2.4,1,286,328,4/11/2020,4,3,0,1
Ral20-LA-329,20.3.1,1,137,329,4/3/2020,3,3,0,1
Ral20-LA-330,20.3.2,1,10,330,4/4/2020,4,4,0,1
Ral20-LA-331,20.3.3,1,270,331,4/15/2020,4,4,0,1
Ral20-LA-332,20.3.4,2,281,332,4/10/2020,4,4,0,1
Ral20-LA-333,20.4.1,2,148,333,4/5/2020,2,2,0,1
Ral20-LA-334,20.4.2,2,306,334,4/4/2020,3,2,0,1
Ral20-LA-335,20.4.3,2,128,335,4/8/2020,2,1,0,1
Ral20-LA-336,20.4.4,2,327,336,4/4/2020,4,4,1,1
Ral20-LA-337,20.5.1,2,265,337,4/8/2020,4,2,0,1
Ral20-LA-338,20.5.2,2,32,338,4/8/2020,4,2,0,1
Ral20-LA-339,20.5.3,2,13,339,4/4/2020,3,3,0,1
Ral20-LA-340,20.5.4,2,238,340,4/7/2020,2,1,0,1
Ral20-LA-341,20.6.1,2,LA95135,341,4/6/2020,1,1,0,1
Ral20-LA-342,20.6.2,2,AGS2000,342,4/7/2020,4,2,0,1
Ral20-LA-343,20.6.3,2,67,343,4/4/2020,2,4,0,1
Ral20-LA-344,20.6.4,2,171,344,4/7/2020,2,2,0,1
Ral20-LA-345,20.7.1,2,136,345,4/9/2020,4,2,0,1
Ral20-LA-346,20.7.2,2,295,346,4/7/2020,1,0,0,1
Ral20-LA-347,20.7.3,2,AGS2000,347,4/5/2020,4,4,1,1
Ral20-LA-348,20.7.4,2,206,348,4/8/2020,3,3,0,1
Ral20-LA-349,20.8.1,2,227,349,4/10/2020,3,3,0,1
Ral20-LA-350,20.8.2,2,244,350,4/5/2020,3,2,0,1
Ral20-LA-351,20.8.3,2,193,351,4/9/2020,2,0,0,1
Ral20-LA-352,20.8.4,2,16,352,4/6/2020,2,2,0,1
Ral20-LA-353,20.9.1,2,196,353,4/12/2020,2,1,0,1
Ral20-LA-354,20.9.2,2,141,354,4/10/2020,2,2,0,1
Ral20-LA-355,20.9.3,2,330,355,4/5/2020,3,3,0,1
Ral20-LA-356,20.9.4,2,264,356,4/5/2020,2,4,0,1
Ral20-LA-357,20.10.1,2,308,357,4/18/2020,3,4,1,1
Ral20-LA-358,20.10.2,2,190,358,4/7/2020,4,3,0,1
Ral20-LA-359,20.10.3,2,153,359,4/9/2020,2,2,0,1
Ral20-LA-360,20.10.4,2,10,360,4/6/2020,3,4,3,0
Ral20-LA-361,20.11.1,2,237,361,4/7/2020,1,2,0,1
Ral20-LA-362,20.11.2,2,299,362,4/7/2020,4,3,0,1
Ral20-LA-363,20.11.3,2,233,363,4/5/2020,1,1,0,1
Ral20-LA-364,20.11.4,2,250,364,4/13/2020,3,2,0,1
Ral20-LA-365,20.12.1,2,342,365,4/5/2020,3,2,0,1
Ral20-LA-366,20.12.2,2,271,366,4/8/2020,3,4,0,1
Ral20-LA-367,20.12.3,2,133,367,4/8/2020,2,3,0,1
Ral20-LA-368,20.12.4,2,294,368,4/6/2020,2,2,0,1
Ral20-LA-369,20.13.1,2,63,369,4/9/2020,3,2,0,1
Ral20-LA-370,20.13.2,2,29,370,4/10/2020,3,1,0,0
Ral20-LA-371,20.13.3,2,88,371,4/8/2020,3,2,0,1
Ral20-LA-372,20.13.4,2,AGS2000,372,4/5/2020,4,4,1,1
Ral20-LA-373,20.14.1,2,198,373,4/8/2020,3,3,0,1
Ral20-LA-374,20.14.2,2,263,374,4/8/2020,3,2,0,1
Ral20-LA-375,20.14.3,2,48,375,4/7/2020,1,0,0,1
Ral20-LA-376,20.14.4,2,326,376,4/6/2020,2,4,0,1
Ral20-LA-377,20.15.1,2,94,377,4/11/2020,3,4,1,1
Ral20-LA-378,20.15.2,2,289,378,4/5/2020,4,4,0,1
Ral20-LA-379,20.15.3,2,163,379,4/9/2020,2,2,0,1
Ral20-LA-380,20.15.4,2,344,380,4/4/2020,1,2,0,1
Ral20-LA-381,20.16.1,2,360,381,4/12/2020,3,4,1,0
Ral20-LA-382,20.16.2,2,134,382,4/7/2020,1,3,0,1
Ral20-LA-383,20.16.3,2,357,383,4/8/2020,4,3,0,0
Ral20-LA-384,20.16.4,2,83,384,4/9/2020,3,2,0,1
Ral20-LA-385,20.17.1,2,249,385,4/12/2020,2,0,0,1
Ral20-LA-386,20.17.2,2,328,386,4/9/2020,3,2,0,0
Ral20-LA-387,20.17.3,2,106,387,4/8/2020,2,2,0,1
Ral20-LA-388,20.17.4,2,185,388,4/7/2020,3,1,0,1
Ral20-LA-389,20.18.1,2,LA95135,389,4/10/2020,1,1,0,1
Ral20-LA-390,20.18.2,2,234,390,4/9/2020,1,1,0,1
Ral20-LA-391,20.18.3,2,253,391,4/6/2020,1,1,0,1
Ral20-LA-392,20.18.4,2,314,392,4/8/2020,3,3,0,1
Ral20-LA-393,20.19.1,2,AGS2000,393,4/7/2020,4,4,1,1
Ral20-LA-394,20.19.2,2,116,394,4/3/2020,1,2,0,1
Ral20-LA-395,20.19.3,2,45,395,4/14/2020,3,1,0,1
Ral20-LA-396,20.19.4,2,230,396,4/10/2020,3,2,0,1
Ral20-LA-397,20.20.1,2,301,397,4/8/2020,3,4,1,1
Ral20-LA-398,20.20.2,2,258,398,4/9/2020,2,1,0,1
Ral20-LA-399,20.20.3,2,274,399,4/6/2020,3,2,0,1
Ral20-LA-400,20.20.4,2,334,400,4/8/2020,2,1,0,1
Ral20-LA-401,21.1.1,2,Barley,401,4/9/2020,0,,TOP,1
Ral20-LA-402,21.1.2,2,AGS2000,402,4/5/2020,4,3,1,1
Ral20-LA-403,21.1.3,2,LA95135,403,4/9/2020,4,0,0,1
Ral20-LA-404,21.1.4,2,AGS2000,404,4/6/2020,1,3,1,1
Ral20-LA-405,21.2.1,2,322,405,4/13/2020,3,4,1,1
Ral20-LA-406,21.2.2,2,311,406,4/9/2020,2,4,0,1
Ral20-LA-407,21.2.3,2,110,407,4/8/2020,4,4,1,1
Ral20-LA-408,21.2.4,2,58,408,4/5/2020,1,3,0,1
Ral20-LA-409,21.3.1,2,269,409,4/9/2020,2,1,0,1
Ral20-LA-410,21.3.2,2,137,410,4/7/2020,3,1,0,1
Ral20-LA-411,21.3.3,2,7,411,4/13/2020,4,4,0,1
Ral20-LA-412,21.3.4,2,300,412,4/11/2020,4,4,2,1
Ral20-LA-413,21.4.1,2,26,413,4/14/2020,4,4,2,1
Ral20-LA-414,21.4.2,2,4,414,4/9/2020,3,1,0,1
Ral20-LA-415,21.4.3,2,149,415,4/6/2020,3,2,0,1
Ral20-LA-416,21.4.4,2,173,416,4/9/2020,3,4,1,0
Ral20-LA-417,21.5.1,2,101,417,4/8/2020,3,4,0,1
Ral20-LA-418,21.5.2,2,54,418,4/10/2020,4,4,1,1
Ral20-LA-419,21.5.3,2,221,419,4/5/2020,3,4,1,1
Ral20-LA-420,21.5.4,2,144,420,4/9/2020,2,2,0,1
Ral20-LA-421,21.6.1,2,257,421,4/6/2020,1,1,0,1
Ral20-LA-422,21.6.2,2,23,422,4/14/2020,3,4,1,1
Ral20-LA-423,21.6.3,2,64,423,4/8/2020,4,2,0,1
Ral20-LA-424,21.6.4,2,207,424,4/9/2020,3,2,0,1
Ral20-LA-425,21.7.1,2,231,425,4/15/2020,3,4,2,1
Ral20-LA-426,21.7.2,2,197,426,4/8/2020,2,2,0,1
Ral20-LA-427,21.7.3,2,89,427,4/4/2020,1,3,0,1
Ral20-LA-428,21.7.4,2,195,428,4/9/2020,,3,0,1
Ral20-LA-429,21.8.1,2,AGS2000,429,4/8/2020,4,4,0,1
Ral20-LA-430,21.8.2,2,76,430,4/10/2020,4,2,0,1
Ral20-LA-431,21.8.3,2,337,431,4/4/2020,1,2,0,1
Ral20-LA-432,21.8.4,2,340,432,4/8/2020,4,4,0,1
Ral20-LA-433,21.9.1,2,146,433,4/9/2020,2,2,0,1
Ral20-LA-434,21.9.2,2,38,434,4/7/2020,3,4,1,1
Ral20-LA-435,21.9.3,2,356,435,4/10/2020,4,4,0,1
Ral20-LA-436,21.9.4,2,199,436,4/6/2020,1,3,0,1
Ral20-LA-437,21.10.1,2,152,437,4/8/2020,2,0,0,1
Ral20-LA-438,21.10.2,2,139,438,4/7/2020,1,3,0,1
Ral20-LA-439,21.10.3,2,98,439,4/8/2020,3,4,0,1
Ral20-LA-440,21.10.4,2,123,440,4/7/2020,2,3,0,1
Ral20-LA-441,21.11.1,2,35,441,4/14/2020,4,4,3,1
Ral20-LA-442,21.11.2,2,57,442,4/7/2020,1,3,0,1
Ral20-LA-443,21.11.3,2,216,443,4/9/2020,2,4,2,1
Ral20-LA-444,21.11.4,2,99,444,4/14/2020,4,3,0,1
Ral20-LA-445,21.12.1,2,283,445,4/9/2020,3,2,0,1
Ral20-LA-446,21.12.2,2,85,446,4/5/2020,2,1,0,1
Ral20-LA-447,21.12.3,2,126,447,4/9/2020,2,4,0,1
Ral20-LA-448,21.12.4,2,187,448,4/7/2020,1,1,0,1
Ral20-LA-449,21.13.1,2,81,449,4/6/2020,1,1,0,1
Ral20-LA-450,21.13.2,2,174,450,4/5/2020,2,3,0,1
Ral20-LA-451,21.13.3,2,252,451,4/8/2020,2,4,0,1
Ral20-LA-452,21.13.4,2,70,452,4/9/2020,3,4,0,1
Ral20-LA-453,21.14.1,2,56,453,4/6/2020,3,4,0,1
Ral20-LA-454,21.14.2,2,291,454,4/9/2020,2,3,0,1
Ral20-LA-455,21.14.3,2,235,455,4/5/2020,1,0,0,1
Ral20-LA-456,21.14.4,2,LA95135,456,4/9/2020,1,1,0,1
Ral20-LA-457,21.15.1,2,343,457,4/10/2020,1,2,0,1
Ral20-LA-458,21.15.2,2,164,458,4/9/2020,2,2,0,1
Ral20-LA-459,21.15.3,2,213,459,4/14/2020,2,1,0,1
Ral20-LA-460,21.15.4,2,69,460,4/8/2020,3,4,0,1
Ral20-LA-461,21.16.1,2,55,461,4/7/2020,3,1,0,1
Ral20-LA-462,21.16.2,2,65,462,4/6/2020,2,2,0,1
Ral20-LA-463,21.16.3,2,120,463,4/8/2020,3,2,0,1
Ral20-LA-464,21.16.4,2,121,464,4/10/2020,1,4,0,1
Ral20-LA-465,21.17.1,2,302,465,4/11/2020,1,1,0,1
Ral20-LA-466,21.17.2,2,AGS2000,466,4/7/2020,4,2,0,1
Ral20-LA-467,21.17.3,2,239,467,4/8/2020,3,3,0,1
Ral20-LA-468,21.17.4,2,246,468,4/6/2020,3,0,0,1
Ral20-LA-469,21.18.1,2,91,469,4/5/2020,1,1,0,1
Ral20-LA-470,21.18.2,2,8,470,4/8/2020,1,2,0,1
Ral20-LA-471,21.18.3,2,157,471,4/8/2020,3,3,0,1
Ral20-LA-472,21.18.4,2,220,472,4/9/2020,4,3,1,1
Ral20-LA-473,21.19.1,2,31,473,4/8/2020,1,1,0,1
Ral20-LA-474,21.19.2,2,159,474,4/5/2020,1,1,0,1
Ral20-LA-475,21.19.3,2,254,475,4/5/2020,2,1,0,1
Ral20-LA-476,21.19.4,2,LA95135,476,4/9/2020,1,0,0,1
Ral20-LA-477,21.20.1,2,53,477,4/8/2020,1,2,0,1
Ral20-LA-478,21.20.2,2,208,478,4/7/2020,2,2,0,1
Ral20-LA-479,21.20.3,2,245,479,4/7/2020,1,2,0,
Ral20-LA-480,21.20.4,2,317,480,4/12/2020,4,3,0,
Ral20-LA-481,22.1.1,2,Barley,481,4/5/2020,0,,,1
Ral20-LA-482,22.1.2,2,LA95135,482,4/8/2020,1,0,0,1
Ral20-LA-483,22.1.3,2,AGS2000,483,4/6/2020,4,4,1,1
Ral20-LA-484,22.1.4,2,LA95135,484,4/8/2020,1,0,0,1
Ral20-LA-485,22.2.1,2,312,485,4/8/2020,2,1,0,1
Ral20-LA-486,22.2.2,2,229,486,4/8/2020,3,1,0,1
Ral20-LA-487,22.2.3,2,167,487,4/7/2020,3,2,0,1
Ral20-LA-488,22.2.4,2,288,488,4/7/2020,1,1,0,1
Ral20-LA-489,22.3.1,2,168,489,4/6/2020,3,3,0,1
Ral20-LA-490,22.3.2,2,335,490,4/14/2020,4,4,1,1
Ral20-LA-491,22.3.3,2,96,491,4/9/2020,3,2,0,1
Ral20-LA-492,22.3.4,2,79,492,4/9/2020,2,3,0,1
Ral20-LA-493,22.4.1,2,354,493,4/7/2020,4,3,0,1
Ral20-LA-494,22.4.2,2,AGS2000,494,4/6/2020,4,4,1,1
Ral20-LA-495,22.4.3,2,333,495,4/5/2020,1,1,0,1
Ral20-LA-496,22.4.4,2,293,496,4/5/2020,2,1,0,1
Ral20-LA-497,22.5.1,2,170,497,4/6/2020,3,1,0,1
Ral20-LA-498,22.5.2,2,321,498,4/7/2020,1,3,0,1
Ral20-LA-499,22.5.3,2,292,499,4/6/2020,1,1,0,1
Ral20-LA-500,22.5.4,2,150,500,4/5/2020,3,2,0,1
Ral20-LA-501,22.6.1,2,102,501,4/11/2020,4,4,1,1
Ral20-LA-502,22.6.2,2,255,502,4/6/2020,3,4,1,1
Ral20-LA-503,22.6.3,2,92,503,4/5/2020,2,1,0,1
Ral20-LA-504,22.6.4,2,9,504,4/5/2020,1,4,0,1
Ral20-LA-505,22.7.1,2,179,505,4/9/2020,3,4,0,1
Ral20-LA-506,22.7.2,2,143,506,4/6/2020,3,2,0,1
Ral20-LA-507,22.7.3,2,AGS2000,507,4/6/2020,4,4,0,1
Ral20-LA-508,22.7.4,2,30,508,4/7/2020,2,1,0,0
Ral20-LA-509,22.8.1,2,353,509,4/6/2020,1,0,0,1
Ral20-LA-510,22.8.2,2,285,510,4/7/2020,3,2,0,1
Ral20-LA-511,22.8.3,2,224,511,4/8/2020,2,3,1,1
Ral20-LA-512,22.8.4,2,241,512,4/9/2020,3,3,0,1
Ral20-LA-513,22.9.1,2,117,513,4/6/2020,3,3,0,1
Ral20-LA-514,22.9.2,2,135,514,4/11/2020,2,3,0,1
Ral20-LA-515,22.9.3,2,158,515,4/10/2020,3,2,0,1
Ral20-LA-516,22.9.4,2,LA95135,516,4/9/2020,1,1,0,1
Ral20-LA-517,22.10.1,2,104,517,4/8/2020,3,1,0,1
Ral20-LA-518,22.10.2,2,33,518,4/8/2020,2,1,0,1
Ral20-LA-519,22.10.3,2,298,519,4/7/2020,4,4,0,1
Ral20-LA-520,22.10.4,2,345,520,4/12/2020,3,3,0,1
Ral20-LA-521,22.11.1,2,226,521,4/6/2020,2,1,0,1
Ral20-LA-522,22.11.2,2,14,522,4/9/2020,3,0,1,1
Ral20-LA-523,22.11.3,2,188,523,4/7/2020,3,2,0,1
Ral20-LA-524,22.11.4,2,20,524,4/12/2020,1,2,0,1
Ral20-LA-525,22.12.1,2,73,525,4/7/2020,3,1,0,1
Ral20-LA-526,22.12.2,2,AGS2000,526,4/7/2020,4,4,0,1
Ral20-LA-527,22.12.3,2,286,527,4/11/2020,3,3,0,1
Ral20-LA-528,22.12.4,2,339,528,4/5/2020,2,2,0,0
Ral20-LA-529,22.13.1,2,40,529,4/6/2020,2,1,0,1
Ral20-LA-530,22.13.2,2,AGS2000,530,4/8/2020,,1,0,1
Ral20-LA-531,22.13.3,2,256,531,4/8/2020,3,1,0,1
Ral20-LA-532,22.13.4,2,307,532,4/5/2020,1,0,0,1
Ral20-LA-533,22.14.1,2,232,533,4/9/2020,4,1,0,1
Ral20-LA-534,22.14.2,2,75,534,4/5/2020,3,1,0,1
Ral20-LA-535,22.14.3,2,270,535,4/19/2020,4,4,1,0
Ral20-LA-536,22.14.4,2,268,536,4/6/2020,3,4,0,1
Ral20-LA-537,22.15.1,2,189,537,4/4/2020,2,1,0,1
Ral20-LA-538,22.15.2,2,200,538,4/8/2020,3,1,0,1
Ral20-LA-539,22.15.3,2,223,539,4/9/2020,4,4,0,1
Ral20-LA-540,22.15.4,2,225,540,4/14/2020,3,4,0,1
Ral20-LA-541,22.16.1,2,62,541,4/9/2020,4,2,0,1
Ral20-LA-542,22.16.2,2,15,542,4/7/2020,2,1,0,1
Ral20-LA-543,22.16.3,2,247,543,4/10/2020,3,2,0,1
Ral20-LA-544,22.16.4,2,39,544,4/6/2020,4,3,0,1
Ral20-LA-545,22.17.1,2,12,545,4/9/2020,1,4,0,0
Ral20-LA-546,22.17.2,2,261,546,4/11/2020,3,3,0,1
Ral20-LA-547,22.17.3,2,284,547,4/14/2020,4,4,1,1
Ral20-LA-548,22.17.4,2,132,548,4/10/2020,3,4,0,1
Ral20-LA-549,22.18.1,2,11,549,4/7/2020,4,3,1,1
Ral20-LA-550,22.18.2,2,LA95135,550,4/9/2020,1,1,0,1
Ral20-LA-551,22.18.3,2,203,551,4/9/2020,2,1,0,1
Ral20-LA-552,22.18.4,2,347,552,4/14/2020,3,2,0,1
Ral20-LA-553,22.19.1,2,313,553,4/8/2020,3,2,0,1
Ral20-LA-554,22.19.2,2,6,554,4/9/2020,4,3,0,1
Ral20-LA-555,22.19.3,2,276,555,4/12/2020,3,3,0,1
Ral20-LA-556,22.19.4,2,267,556,4/11/2020,3,2,0,1
Ral20-LA-557,22.20.1,2,115,557,4/8/2020,3,2,0,1
Ral20-LA-558,22.20.2,2,49,558,4/5/2020,3,3,0,1
Ral20-LA-559,22.20.3,2,272,559,4/9/2020,3,4,0,1
Ral20-LA-560,22.20.4,2,297,560,4/7/2020,2,3,0,1
Ral20-LA-561,23.1.1,2,Barley,561,4/6/2020,0,,,1
Ral20-LA-562,23.1.2,2,LA95135,562,4/8/2020,1,0,0,1
Ral20-LA-563,23.1.3,2,AGS2000,563,4/8/2020,4,3,0,1
Ral20-LA-564,23.1.4,2,LA95135,564,4/9/2020,1,2,0,1
Ral20-LA-565,23.2.1,2,186,565,4/14/2020,3,4,1,1
Ral20-LA-566,23.2.2,2,209,566,4/7/2020,2,3,0,1
Ral20-LA-567,23.2.3,2,145,567,4/6/2020,3,1,0,1
Ral20-LA-568,23.2.4,2,348,568,4/10/2020,4,2,0,1
Ral20-LA-569,23.3.1,2,52,569,4/14/2020,2,0,0,1
Ral20-LA-570,23.3.2,2,17,570,4/16/2020,3,3,1,1
Ral20-LA-571,23.3.3,2,278,571,4/15/2020,4,4,0,1
Ral20-LA-572,23.3.4,2,338,572,4/12/2020,3,3,0,1
Ral20-LA-573,23.4.1,2,350,573,4/12/2020,3,3,0,1
Ral20-LA-574,23.4.2,2,AGS2000,574,4/9/2020,4,4,1,1
Ral20-LA-575,23.4.3,2,LA95135,575,4/9/2020,1,0,0,1
Ral20-LA-576,23.4.4,2,218,576,4/7/2020,1,0,0,1
Ral20-LA-577,23.5.1,2,204,577,4/13/2020,2,2,0,1
Ral20-LA-578,23.5.2,2,279,578,4/4/2020,3,2,0,1
Ral20-LA-579,23.5.3,2,24,579,4/8/2020,3,1,0,1
Ral20-LA-580,23.5.4,2,201,580,4/8/2020,1,0,0,0
Ral20-LA-581,23.6.1,2,60,581,4/14/2020,3,3,0,1
Ral20-LA-582,23.6.2,2,182,582,4/9/2020,3,4,0,1
Ral20-LA-583,23.6.3,2,331,583,4/9/2020,4,4,3,1
Ral20-LA-584,23.6.4,2,359,584,4/8/2020,3,2,0,1
Ral20-LA-585,23.7.1,2,22,585,4/8/2020,3,3,0,1
Ral20-LA-586,23.7.2,2,349,586,4/9/2020,2,3,0,1
Ral20-LA-587,23.7.3,2,315,587,4/8/2020,3,3,0,1
Ral20-LA-588,23.7.4,2,90,588,4/11/2020,2,4,1,1
Ral20-LA-589,23.8.1,2,72,589,4/14/2020,4,3,0,1
Ral20-LA-590,23.8.2,2,266,590,4/10/2020,4,3,0,1
Ral20-LA-591,23.8.3,2,61,591,4/11/2020,3,1,0,1
Ral20-LA-592,23.8.4,2,251,592,4/9/2020,4,4,0,1
Ral20-LA-593,23.9.1,2,34,593,4/11/2020,3,2,0,1
Ral20-LA-594,23.9.2,2,169,594,4/15/2020,4,4,0,0
Ral20-LA-595,23.9.3,2,273,595,4/8/2020,1,2,0,1
Ral20-LA-596,23.9.4,2,108,596,4/9/2020,1,2,0,1
Ral20-LA-597,23.10.1,2,325,597,4/7/2020,2,2,0,1
Ral20-LA-598,23.10.2,2,282,598,4/14/2020,3,3,0,1
Ral20-LA-599,23.10.3,2,109,599,4/7/2020,3,4,1,1
Ral20-LA-600,23.10.4,2,228,600,4/14/2020,2,4,2,1
Ral20-LA-601,23.11.1,2,47,601,4/7/2020,3,3,0,0
Ral20-LA-602,23.11.2,2,71,602,4/10/2020,4,4,0,1
Ral20-LA-603,23.11.3,2,177,603,4/13/2020,2,4,1,1
Ral20-LA-604,23.11.4,2,242,604,4/14/2020,3,1,0,1
Ral20-LA-605,23.12.1,2,147,605,4/11/2020,4,2,0,1
Ral20-LA-606,23.12.2,2,27,606,4/13/2020,3,2,0,1
Ral20-LA-607,23.12.3,2,50,607,4/6/2020,3,2,0,1
Ral20-LA-608,23.12.4,2,LA95135,608,4/10/2020,2,1,0,1
Ral20-LA-609,23.13.1,2,122,609,4/7/2020,3,1,0,1
Ral20-LA-610,23.13.2,2,84,610,4/7/2020,3,1,0,1
Ral20-LA-611,23.13.3,2,LA95135,611,4/11/2020,1,1,0,1
Ral20-LA-612,23.13.4,2,25,612,4/8/2020,3,3,1,1
Ral20-LA-613,23.14.1,2,2,613,4/9/2020,3,3,0,1
Ral20-LA-614,23.14.2,2,191,614,4/6/2020,4,4,0,1
Ral20-LA-615,23.14.3,2,222,615,4/9/2020,4,4,1,1
Ral20-LA-616,23.14.4,2,36,616,4/9/2020,4,4,1,1
Ral20-LA-617,23.15.1,2,309,617,4/7/2020,3,3,0,1
Ral20-LA-618,23.15.2,2,205,618,4/17/2020,4,4,1,1
Ral20-LA-619,23.15.3,2,AGS2000,619,4/8/2020,4,4,1,1
Ral20-LA-620,23.15.4,2,68,620,4/8/2020,3,2,0,1
Ral20-LA-621,23.16.1,2,323,621,4/14/2020,4,2,0,1
Ral20-LA-622,23.16.2,2,277,622,4/13/2020,3,3,0,1
Ral20-LA-623,23.16.3,2,260,623,4/11/2020,4,4,0,
Ral20-LA-624,23.16.4,2,113,624,4/9/2020,3,4,0,
Ral20-LA-625,23.17.1,2,124,625,4/8/2020,2,1,0,1
Ral20-LA-626,23.17.2,2,180,626,4/11/2020,2,2,0,0
Ral20-LA-627,23.17.3,2,219,627,4/9/2020,2,1,0,1
Ral20-LA-628,23.17.4,2,107,628,4/10/2020,3,2,0,1
Ral20-LA-629,23.18.1,2,77,629,4/9/2020,2,1,0,1
Ral20-LA-630,23.18.2,2,42,630,4/10/2020,4,1,0,1
Ral20-LA-631,23.18.3,2,280,631,4/9/2020,3,3,0,1
Ral20-LA-632,23.18.4,2,131,632,4/10/2020,3,2,0,1
Ral20-LA-633,23.19.1,2,87,633,4/12/2020,3,4,1,1
Ral20-LA-634,23.19.2,2,44,634,4/13/2020,4,4,1,1
Ral20-LA-635,23.19.3,2,100,635,4/10/2020,3,4,1,1
Ral20-LA-636,23.19.4,2,111,636,4/11/2020,4,4,0,1
Ral20-LA-637,23.20.1,2,341,637,4/11/2020,4,4,0,1
Ral20-LA-638,23.20.2,2,155,638,4/6/2020,3,4,0,1
Ral20-LA-639,23.20.3,2,5,639,4/11/2020,3,2,0,1
Ral20-LA-640,23.20.4,2,166,640,4/7/2020,3,2,0,1
Ral20-LA-641,24.1.1,2,Barley,641,4/7/2020,0,,,1
Ral20-LA-642,24.1.2,2,LA95135,642,4/7/2020,1,0,0,1
Ral20-LA-643,24.1.3,2,AGS2000,643,4/7/2020,4,4,2,
Ral20-LA-644,24.1.4,2,LA95135,644,4/9/2020,1,0,0,1
Ral20-LA-645,24.2.1,2,18,645,4/10/2020,2,0,1,1
Ral20-LA-646,24.2.2,2,304,646,4/5/2020,2,4,0,1
Ral20-LA-647,24.2.3,2,332,647,4/9/2020,3,4,0,1
Ral20-LA-648,24.2.4,2,AGS2000,648,4/8/2020,4,4,0,1
Ral20-LA-649,24.3.1,2,175,649,4/9/2020,4,3,0,1
Ral20-LA-650,24.3.2,2,160,650,4/6/2020,3,2,0,1
Ral20-LA-651,24.3.3,2,165,651,4/8/2020,2,3,0,1
Ral20-LA-652,24.3.4,2,119,652,4/8/2020,3,2,0,1
Ral20-LA-653,24.4.1,2,LA95135,653,4/9/2020,1,0,0,1
Ral20-LA-654,24.4.2,2,19,654,4/7/2020,2,4,0,1
Ral20-LA-655,24.4.3,2,80,655,4/14/2020,4,4,1,1
Ral20-LA-656,24.4.4,2,3,656,4/8/2020,4,4,1,1
Ral20-LA-657,24.5.1,2,176,657,4/8/2020,3,2,0,1
Ral20-LA-658,24.5.2,2,43,658,4/15/2020,2,4,2,1
Ral20-LA-659,24.5.3,2,202,659,4/10/2020,2,2,0,
Ral20-LA-660,24.5.4,2,178,660,4/13/2020,3,4,0,1
