Entry,Rep,WaxSpike,WaxLeafBOTTOM
12VTK4-118,1,3,1
12VTK4-118,2,3,2
14VDH-SRW14-150,1,2,2
14VDH-SRW14-150,2,1,2
15VDH-FHB-MAS25-15,1,3,4
15VDH-FHB-MAS25-15,2,3,4
15VDH-FHB-MAS29-15,1,2,2
15VDH-FHB-MAS29-15,2,2,3
15VDH-FHB-MAS33-13,1,4,3
15VDH-FHB-MAS33-13,2,3,2
15VDH-FHB-MAS34-18,1,3,4
15VDH-FHB-MAS34-18,2,3,4
15VDH-FHB-MAS38-01,1,2,1
15VDH-FHB-MAS38-01,2,2,1
15VDH-SRW02-307,1,3,2
15VDH-SRW02-307,2,3,4
15VDH-SRW06-235,1,2,3
15VDH-SRW06-235,2,3,4
15VDH-SRW06-259,1,1,2
15VDH-SRW06-259,2,2,4
15VDH-SRW07-231,1,2,2
15VDH-SRW07-231,2,3,2
15VDH-SRW12-134,1,3,3
15VDH-SRW12-134,2,3,3
15VTK-1-101,1,4,4
15VTK-1-101,2,3,4
16VDH-SRW03-018,1,3,4
16VDH-SRW03-018,2,3,4
16VDH-SRW03-023,1,1,3
16VDH-SRW03-023,2,1,3
16VDH-SRW04-028,1,2,1
16VDH-SRW04-028,2,1,1
16VDH-SRW05-074,1,1,1
16VDH-SRW05-074,2,2,1
16VDH-SRW05-205,1,3,2
16VDH-SRW05-205,2,2,2
16VDH-SRW07-067,1,2,2
16VDH-SRW07-067,2,3,3
16VDH-SRW09-025,1,1,3
16VDH-SRW09-025,2,1,1
18-T1-UMD,1,3,4
18-T1-UMD,2,3,4
18-T2-UMD,1,2,3
18-T2-UMD,2,2,3
AR11051-15-3,1,1,0
AR11051-15-3,2,1,1
AR12080DH-113,1,3,1
AR12080DH-113,2,3,2
AR12080DH-56,1,2,1
AR12080DH-56,2,2,1
AR12486-2422N,1,2,1
AR12486-2422N,2,3,2
AR12486-2427N,1,3,1
AR12486-2427N,2,3,2
AR15V07-15-1804N,1,2,2
AR15V07-15-1804N,2,2,3
AR15V21-09-2089N,1,3,3
AR15V21-09-2089N,2,3,2
AR15V26-10-2188N,1,2,3
AR15V26-10-2188N,2,1,2
ARDH14002-22-0260N,1,2,2
ARDH14002-22-0260N,2,3,1
ARS16W0088,1,0,2
ARS16W0088,2,0,3
ARS17W0004,1,0,4
ARS17W0004,2,0,3
ARS17W0150,1,0,0
ARS17W0150,2,0,0
ARS17W0181,1,0,0
ARS17W0181,2,0,2
ARS17W0227,1,0,2
ARS17W0227,2,0,2
ARS17W0353,1,1,4
ARS17W0353,2,1,1
ARS17W0411,1,0,0
ARS17W0411,2,1,0
ARS17W0528,1,3,2
ARS17W0528,2,3,1
ARS17W0552,1,3,3
ARS17W0552,2,3,1
ARS17W0845,1,0,1
ARS17W0845,2,0,1
ARS17W0937,1,3,0
ARS17W0937,2,3,1
ARS17W1116,1,0,0
ARS17W1116,2,0,0
DH13SRW022-23,1,1,1
DH13SRW022-23,2,1,1
DH15SRW65-53,1,3,1
DH15SRW65-53,2,3,1
FL14167LDH-180,1,2,1
FL14167LDH-180,2,3,2
FL15105-LDH018,1,1,1
FL15105-LDH018,2,2,1
FL15105-LDH039,1,2,1
FL15105-LDH039,2,2,1
FL15105-LDH084,1,1,0
FL15105-LDH084,2,2,1
FL15105-LDH086,1,2,2
FL15105-LDH086,2,1,2
FL15105-LDH092,1,1,0
FL15105-LDH092,2,3,1
FL15105-LDH110,1,1,1
FL15105-LDH110,2,2,1
FL15105-LDH111,1,1,1
FL15105-LDH111,2,2,1
FL15105-LDH145,1,1,2
FL15105-LDH145,2,2,2
FL15105-LDH159,1,1,1
FL15105-LDH159,2,2,1
FL15105-LDH168,1,2,0
FL15105-LDH168,2,2,1
FL15105-LDH177,1,2,1
FL15105-LDH177,2,2,1
FL15105-LDH182,1,2,0
FL15105-LDH182,2,2,1
FL15105-LDH253,1,1,2
FL15105-LDH253,2,2,1
FL15105-LDH261,1,1,0
FL15105-LDH261,2,3,1
FL16009LDH-16-1PLANT,1,3,3
FL16009LDH-16-1PLANT,2,3,2
FL16045LDH-25,1,3,3
FL16045LDH-25,2,3,3
GA10457-4-2-1-6-1-7-19LE13,1,1,1
GA10457-4-2-1-6-1-7-19LE13,2,1,1
GA11052-3-1-2-19LE15,1,2,3
GA11052-3-1-2-19LE15,2,3,3
GA111055-1-2-3-1-19LE12,1,3,2
GA111055-1-2-3-1-19LE12,2,4,2
GA121012-13-3-4-19LE8,1,4,2
GA121012-13-3-4-19LE8,2,4,2
GA12145-6-8-7-19E19,1,3,2
GA12145-6-8-7-19E19,2,3,2
GA12156-12-1-3-19LE11,1,2,4
GA12156-12-1-3-19LE11,2,3,4
GA12210-8-5-2-19E12,1,3,2
GA12210-8-5-2-19E12,2,3,4
GA12271-1-1-5-19LE9,1,3,3
GA12271-1-1-5-19LE9,2,3,4
GA12505B14-18LE23F,1,4,4
GA12505B14-18LE23F,2,4,3
GA131246LDH-18E35,1,3,2
GA131246LDH-18E35,2,3,4
GA141077-G5-G95-18ESC27F,1,2,2
GA141077-G5-G95-18ESC27F,2,3,1
GA14438LDH-133-19LE23,1,4,4
GA14438LDH-133-19LE23,2,4,4
GA151254-LDH071-19E32,1,2,4
GA151254-LDH071-19E32,2,3,4
GA151254-LDH130-19E34,1,3,4
GA151254-LDH130-19E34,2,3,3
GA15VDH-FHB-MAS23-18LE45F,1,1,1
GA15VDH-FHB-MAS23-18LE45F,2,1,2
GA15VDH-FHB-MAS27-07ADH33F,1,1,1
GA15VDH-FHB-MAS27-07ADH33F,2,2,2
GAFHBMAS14031-201-19E25,1,2,4
GAFHBMAS14031-201-19E25,2,3,3
IL15-27270,1,2,1
IL15-27270,2,3,4
KY07C-1145-94-12-5,1,2,2
KY07C-1145-94-12-5,2,2,2
LA13082D-WN25-3,1,1,1
LA13082D-WN25-3,2,2,1
LA13084D-WN14-2,1,1,0
LA13084D-WN14-2,2,3,1
LA13098D-WN10-4,1,4,4
LA13098D-WN10-4,2,4,3
LA13148D-WN26-3,1,4,2
LA13148D-WN26-3,2,4,3
LA14086LDH-172,1,4,3
LA14086LDH-172,2,4,4
LA14101LDH-12A,1,4,3
LA14101LDH-12A,2,3,2
LA14151SC-93,1,2,1
LA14151SC-93,2,1,1
LA15015-LDH016,1,2,3
LA15015-LDH016,2,3,3
LA15203-LDH070,1,2,0
LA15203-LDH070,2,1,2
LA15203-LDH093,1,2,4
LA15203-LDH093,2,2,2
LA15203-LDH146,1,4,4
LA15203-LDH146,2,4,2
LA15203-LDH200,1,1,1
LA15203-LDH200,2,2,2
LA15203-LDH263,1,3,2
LA15203-LDH263,2,3,2
LA15203-LDH274,1,1,1
LA15203-LDH274,2,2,1
LA15VDH-FHB-MAS40-04-2,1,1,2
LA15VDH-FHB-MAS40-04-2,2,2,3
LA16020LDH-22,1,2,2
LA16020LDH-22,2,3,1
LANC11558-33,1,2,1
LANC11558-33,2,3,1
LUISA,1,3,2
LUISA,2,2,1
MAS1407-056-6-3,1,2,3
MAS1407-056-6-3,2,1,4
MAS1407-085-1-1,1,1,2
MAS1407-085-1-1,2,1,2
MI15R0388,1,3,2
MI15R0388,2,3,2
MI16R1019,1,3,2
MI16R1019,2,3,3
MI17R0138,1,2,3
MI17R0138,2,4,4
MI17R0357,1,1,3
MI17R0357,2,1,3
MI17R0484,1,3,3
MI17R0484,2,3,3
MI17W0100,1,1,0
MI17W0100,2,1,1
MI17W0101,1,1,2
MI17W0101,2,1,1
MI17W0133,1,1,3
MI17W0133,2,3,2
NC13202-128,1,1,2
NC13202-128,2,1,3
NC13206-360,1,0,0
NC13206-360,2,1,1
NC13206-40,1,2,0
NC13206-40,2,2,1
NC15V13-26,1,3,2
NC15V13-26,2,3,2
NC15V15-04,1,1,1
NC15V15-04,2,1,2
NC15V25-20,1,1,2
NC15V25-20,2,1,3
NC15V26-11,1,2,2
NC15V26-11,2,3,2
NC15V26-19,1,2,3
NC15V26-19,2,1,4
NC15V31-05,1,1,1
NC15V31-05,2,1,1
NC15V39-02,1,3,3
NC15V39-02,2,2,3
NC15V41-13,1,2,4
NC15V41-13,2,3,4
NC16-18146,1,2,4
NC16-18146,2,3,4
NC16-19349,1,3,4
NC16-19349,2,3,4
NC17-20510,1,1,2
NC17-20510,2,2,4
NC17-20511,1,2,1
NC17-20511,2,2,4
SY-100,1,1,3
SY-100,2,3,2
TX18D3041,1,2,3
TX18D3041,2,2,2
TX18D3130,1,1,1
TX18D3130,2,1,1
TX18D3212,1,2,2
TX18D3212,2,3,1
TX18D3220,1,3,2
TX18D3220,2,3,4
TX18D3221,1,3,3
TX18D3221,2,3,4
TX18D3240,1,2,2
TX18D3240,2,4,4
TX18D3241,1,3,1
TX18D3241,2,4,2
TX18D3243,1,3,3
TX18D3243,2,3,2
TX18D3250,1,3,2
TX18D3250,2,3,2
TX18D3256,1,2,3
TX18D3256,2,2,3
TX18D3263,1,1,3
TX18D3263,2,2,4
TX18D3282,1,3,3
TX18D3282,2,4,3
TX18D3289,1,3,3
TX18D3289,2,3,3
TX18D3291,1,3,3
TX18D3291,2,2,3
TX18D3308,1,3,4
TX18D3308,2,3,4
UX1099-1-06-33,1,3,2
UX1099-1-06-33,2,3,1
UX1105-13-04-13,1,3,3
UX1105-13-04-13,2,3,4
UX1120-5-08-35,1,3,2
UX1120-5-08-35,2,4,2
UX1155-14-04-15,1,1,2
UX1155-14-04-15,2,1,3
UX1162-4-36-04-06,1,2,2
UX1162-4-36-04-06,2,2,2
UX1162-4-36-17-04,1,2,2
UX1162-4-36-17-04,2,1,2
UX1162-4-56-88-17,1,1,2
UX1162-4-56-88-17,2,2,3
UX1193-13-02-38,1,3,4
UX1193-13-02-38,2,3,4
VA-MD16W-299,1,3,4
VA-MD16W-299,2,2,3
X12-052-1-13-3,1,2,3
X12-052-1-13-3,2,2,1
X12-156-7-7-5,1,2,3
X12-156-7-7-5,2,1,1
X12-156-9-13-3,1,3,4
X12-156-9-13-3,2,3,4
X12-156-9-19-3,1,3,2
X12-156-9-19-3,2,3,2
X12-265-55-9-5,1,1,2
X12-265-55-9-5,2,2,2
X12-265-56-8-1,1,1,2
X12-265-56-8-1,2,2,2
X12-3003-41-16-5,1,2,3
X12-3003-41-16-5,2,1,3
X12-3005-20-11-1,1,1,3
X12-3005-20-11-1,2,2,2
X12-3008-21-11-1,1,3,3
X12-3008-21-11-1,2,3,3
X12-3008-21-9-3,1,1,3
X12-3008-21-9-3,2,2,1
X12-3024-47-4-5,1,2,4
X12-3024-47-4-5,2,1,4
X12-3063-34-2-3,1,3,2
X12-3063-34-2-3,2,2,3
X12-3063-34-8-5,1,1,2
X12-3063-34-8-5,2,2,3
X12-3072-55-13-5,1,1,3
X12-3072-55-13-5,2,2,3
X12-3072-55-17-3,1,2,1
X12-3072-55-17-3,2,1,3
X12-3074-35-4-3,1,3,2
X12-3074-35-4-3,2,2,3
X12-3103-63-19-5,1,2,2
X12-3103-63-19-5,2,2,1
X12-3114-65-7-1,1,3,1
X12-3114-65-7-1,2,2,3
X12-323-62-2-3,1,1,3
X12-323-62-2-3,2,2,3
X12-534-32-14-3,1,2,1
X12-534-32-14-3,2,2,3
X12-541-33-11-3,1,2,2
X12-541-33-11-3,2,2,3
X12-629-47-6-5,1,2,4
X12-629-47-6-5,2,2,2
X12-864-18-2-3,1,1,1
X12-864-18-2-3,2,3,1
X12-866-19-9-5,1,2,3
X12-866-19-9-5,2,3,1
X12-920-39-9-5,1,2,2
X12-920-39-9-5,2,2,3
X12-924-40-7-5,1,3,2
X12-924-40-7-5,2,2,4
X12-974-18-1-3,1,3,3
X12-974-18-1-3,2,2,3
