genotype,S3A_609909640,S3A_613343859,S3A_616867989,S3A_617060163,S3A_617340619,S3A_621010472
,3A,3A,3A,3A,3A,3A
UX1992-129,NA,A,A,A,A,A
UX1992-128,B,NA,A,B,B,B
UX1992-127,A,A,A,A,A,A
UX1992-126,NA,B,B,B,B,B
UX1992-125,A,A,A,A,A,A
UX1992-124,B,B,B,B,B,B
UX1992-123,A,A,A,A,A,A
UX1992-122,B,NA,B,B,NA,NA
UX1992-121,B,B,B,B,B,B
UX1992-58,NA,A,A,A,A,A
UX1992-138,A,A,NA,A,A,A
UX1992-137,B,B,B,NA,B,B
UX1992-136,B,B,B,B,B,NA
UX1992-40,NA,NA,A,A,A,NA
UX1992-135,A,A,NA,A,A,A
UX1992-134,NA,A,A,A,A,A
UX1992-133,A,A,NA,A,A,NA
UX1992-131,A,A,A,A,A,A
UX1992-130,NA,A,A,A,A,NA
UX1992-48,A,A,NA,A,A,A
UX1992-109,B,NA,NA,B,B,NA
UX1992-73,A,A,A,A,A,A
UX1992-116,NA,NA,B,B,B,B
UX1992-169,A,A,A,A,A,A
UX1992-168,A,A,NA,A,A,A
UX1992-167,B,B,B,B,B,B
UX1992-166,B,NA,B,B,B,B
UX1992-165,B,B,B,B,B,B
UX1992-164,NA,B,B,B,B,B
UX1992-163,B,B,B,B,NA,B
UX1992-162,B,B,NA,B,B,NA
UX1992-161,B,B,B,B,B,B
UX1992-160,B,A,A,A,A,A
UX1992-179,NA,NA,B,B,B,B
UX1992-178,A,NA,A,A,A,A
UX1992-177,A,A,A,A,A,A
UX1992-176,B,B,B,B,B,B
UX1992-175,NA,A,A,A,A,A
UX1992-174,NA,A,A,A,A,A
UX1992-173,B,B,NA,B,B,B
UX1992-172,A,A,A,A,A,A
UX1992-171,B,B,NA,B,B,B
UX1992-170,NA,NA,B,NA,NA,NA
UX1992-149,NA,B,B,NA,B,B
UX1992-148,B,B,B,B,B,B
UX1992-147,NA,B,B,B,B,B
UX1992-146,NA,NA,NA,A,NA,NA
UX1992-145,B,B,B,B,B,NA
UX1992-144,A,A,A,A,A,A
UX1992-143,NA,A,A,A,A,NA
UX1992-142,A,A,A,A,A,A
UX1992-141,A,A,A,A,A,A
UX1992-39,NA,A,A,A,A,A
UX1992-159,B,B,B,B,B,B
UX1992-158,A,A,A,A,A,NA
UX1992-157,B,A,A,NA,NA,NA
UX1992-156,NA,A,A,A,A,NA
UX1992-155,B,B,NA,B,B,B
UX1992-154,A,NA,NA,A,A,NA
UX1992-153,A,A,B,NA,A,A
UX1992-152,A,A,NA,A,A,A
UX1992-151,A,A,A,A,A,A
UX1992-150,B,B,B,B,B,B
UX1992-207,NA,B,NA,B,B,B
UX1992-200,NA,A,A,A,A,A
UX1992-4,B,NA,NA,B,B,B
UX1992-1,B,NA,NA,NA,B,NA
UX1992-3_149087,NA,A,A,A,A,A
UX1992-189,B,B,B,B,B,B
UX1992-188,A,A,NA,A,A,A
UX1992-180,NA,A,A,NA,A,NA
UX1992-199,NA,NA,A,A,A,A
UX1992-198,B,B,NA,B,NA,B
UX1992-197,B,A,A,A,A,NA
UX1992-196,A,A,A,A,A,A
UX1992-195,NA,NA,A,NA,A,NA
UX1992-194,B,B,NA,B,B,B
UX1992-193,A,NA,A,A,A,A
UX1992-192,A,A,B,B,NA,NA
UX1992-191,NA,B,B,B,B,NA
UX1992-249,B,B,B,B,B,B
UX1992-248,A,A,A,A,A,A
UX1992-247,B,B,B,NA,B,B
UX1992-50,NA,NA,B,B,B,B
UX1992-246,NA,B,B,NA,NA,B
UX1992-51,NA,A,A,A,A,A
UX1992-245,NA,A,A,NA,NA,A
UX1992-52,B,NA,NA,B,B,B
UX1992-244,NA,A,A,A,A,A
UX1992-243,A,A,A,A,A,A
UX1992-54,B,B,B,B,B,B
UX1992-242,NA,A,A,NA,A,A
UX1992-55,B,B,B,B,B,B
UX1992-120,A,NA,A,A,A,A
UX1992-241,B,B,B,B,B,B
UX1992-56,B,B,B,B,B,B
UX1992-240,B,NA,B,A,NA,B
UX1992-57,B,B,NA,B,B,B
UX1992-59,A,A,A,A,A,A
UX1992-139,B,B,B,B,NA,B
UX1992-259,B,B,B,NA,B,B
UX1992-258,B,B,B,NA,B,B
UX1992-257,B,NA,A,NA,A,A
UX1992-256,B,NA,NA,NA,NA,NA
UX1992-41,B,B,B,B,B,B
UX1992-255,NA,B,NA,B,B,B
UX1992-42,NA,B,NA,NA,A,NA
UX1992-254,B,B,NA,NA,B,B
UX1992-132,A,A,A,A,A,A
UX1992-43,A,A,NA,A,A,A
UX1992-253,B,B,B,B,B,B
UX1992-44,B,B,B,B,B,B
UX1992-252,A,A,A,A,A,A
UX1992-45,B,B,B,B,B,B
UX1992-251,NA,B,B,NA,B,B
UX1992-46,NA,A,A,A,A,A
UX1992-250,NA,B,NA,A,A,NA
UX1992-47,B,NA,B,B,B,B
UX1992-49,NA,NA,NA,B,B,B
UX1992-108,B,B,B,B,NA,B
UX1992-229,B,NA,NA,B,B,NA
UX1992-107,B,NA,A,NA,NA,NA
UX1992-228,NA,B,B,B,B,B
UX1992-106,B,NA,NA,B,B,B
UX1992-227,B,B,B,B,B,B
UX1992-105,NA,B,B,B,B,NA
UX1992-70,B,B,B,B,B,B
UX1992-226,B,B,NA,B,B,B
UX1992-71,B,B,B,B,B,B
UX1992-104,B,B,B,B,NA,B
UX1992-225,B,B,B,B,B,B
UX1992-103,B,B,B,B,B,B
UX1992-72,NA,NA,NA,NA,B,B
UX1992-224,A,A,A,A,A,NA
UX1992-102,B,B,B,B,B,NA
UX1992-223,B,NA,NA,B,B,B
UX1992-74,B,B,B,B,B,B
UX1992-101,B,B,B,B,B,B
UX1992-222,A,A,A,A,A,A
UX1992-100,A,NA,A,A,A,A
UX1992-75,NA,NA,B,NA,NA,B
UX1992-221,NA,A,A,A,A,A
UX1992-76,A,NA,A,A,A,A
UX1992-220,A,A,A,A,A,A
UX1992-77,B,NA,NA,B,B,B
UX1992-78,NA,A,NA,NA,B,B
UX1992-79,B,B,B,B,B,NA
UX1992-119,B,NA,NA,B,B,B
UX1992-118,B,A,A,A,A,NA
UX1992-239,A,NA,A,A,A,A
UX1992-117,B,NA,A,A,A,A
UX1992-238,B,B,B,B,B,NA
UX1992-237,A,A,A,A,A,A
UX1992-115,B,NA,B,B,NA,B
UX1992-60,A,A,A,A,A,A
UX1992-236,NA,NA,B,B,B,B
UX1992-61,B,B,A,B,B,B
UX1992-114,NA,NA,B,B,B,NA
UX1992-235,A,NA,A,A,A,A
UX1992-113,A,A,A,A,A,A
UX1992-62,B,B,B,B,B,NA
UX1992-234,B,B,B,NA,B,B
UX1992-63,B,B,NA,B,B,B
UX1992-112,A,A,NA,A,A,NA
UX1992-233,B,B,B,NA,B,B
UX1992-111,B,B,B,B,B,B
UX1992-232,NA,NA,A,A,A,A
UX1992-110,B,B,B,B,B,B
UX1992-65,NA,B,B,B,B,B
UX1992-231,NA,NA,A,NA,A,A
UX1992-66,NA,NA,A,A,A,A
UX1992-230,B,B,B,B,B,B
UX1992-67,B,B,B,B,B,NA
UX1992-68,B,A,NA,NA,NA,NA
UX1992-69,B,B,NA,B,B,B
UX1992-18,B,NA,B,B,B,B
UX1992-19,A,A,A,A,A,A
UX1992-289,NA,NA,A,A,A,A
UX1992-288,A,A,A,A,A,A
UX1992-287,A,NA,A,A,A,NA
UX1992-10,B,NA,B,B,B,B
UX1992-286,A,A,A,NA,A,A
UX1992-11,NA,NA,A,A,A,A
UX1992-285,A,A,A,A,A,NA
UX1992-12,A,NA,A,A,A,A
UX1992-284,B,NA,B,B,NA,B
UX1992-13,A,A,NA,A,A,A
UX1992-283,A,A,A,A,A,A
UX1992-14,B,B,B,B,B,B
UX1992-282,B,B,NA,B,B,B
UX1992-15,B,NA,NA,B,B,B
UX1992-281,A,A,A,A,A,A
UX1992-16,B,B,B,B,B,B
UX1992-280,B,NA,NA,NA,B,B
UX1992-17,A,NA,A,A,A,A
UX1992-299,B,NA,B,NA,NA,B
UX1992-298,A,A,A,A,A,A
UX1992-297,A,NA,A,NA,A,B
UX1992-296,B,B,B,B,B,NA
UX1992-295,B,A,A,A,A,A
UX1992-294,A,A,A,NA,A,NA
UX1992-293,A,NA,A,NA,A,A
UX1992-292,NA,B,NA,B,B,B
UX1992-291,B,B,NA,B,B,B
UX1992-290,NA,B,A,A,NA,NA
UX1992-269,A,A,A,A,A,A
UX1992-268,B,NA,B,B,B,NA
UX1992-267,NA,B,B,B,B,NA
UX1992-266,A,A,A,A,A,A
UX1992-31,NA,B,B,B,B,B
UX1992-265,B,B,B,B,B,B
UX1992-32,A,NA,NA,A,A,A
UX1992-264,A,A,A,A,A,A
UX1992-33,B,B,B,B,B,B
UX1992-263,NA,B,B,B,B,B
UX1992-34,B,B,NA,B,B,B
UX1992-262,A,A,A,NA,A,NA
UX1992-35,NA,B,B,B,B,B
UX1992-140,B,NA,NA,NA,NA,A
UX1992-261,B,B,B,B,B,B
UX1992-36,B,B,NA,B,B,B
UX1992-260,NA,B,B,B,B,B
UX1992-37,B,B,NA,NA,B,B
UX1992-38,A,A,A,A,A,A
UX1992-29,B,NA,B,B,B,B
UX1992-279,B,B,B,B,B,B
UX1992-278,B,B,B,NA,B,NA
UX1992-277,A,NA,A,A,NA,A
UX1992-20,A,A,NA,A,A,A
UX1992-276,A,A,A,A,NA,A
UX1992-21,NA,NA,NA,A,A,A
UX1992-275,B,B,B,NA,NA,B
UX1992-22,B,B,NA,B,NA,B
UX1992-274,B,B,B,B,B,NA
UX1992-23,B,B,B,B,B,B
UX1992-273,NA,NA,A,A,A,NA
UX1992-24,A,NA,A,NA,NA,NA
UX1992-272,NA,A,A,A,A,NA
UX1992-25,A,A,A,A,A,A
UX1992-271,A,A,A,A,A,A
UX1992-26,NA,NA,NA,A,A,A
UX1992-270,B,B,B,B,B,B
UX1992-27,NA,B,B,B,B,NA
UX1992-28,B,B,B,B,B,B
UX1992-208,A,A,A,A,A,A
UX1992-329,A,A,A,A,A,NA
UX1992-328,NA,B,B,B,B,NA
UX1992-90,B,B,B,B,B,B
UX1992-206,A,A,A,A,A,A
UX1992-327,NA,NA,A,A,A,NA
UX1992-205,B,B,NA,B,B,B
UX1992-91,A,B,A,A,A,NA
UX1992-326,A,B,B,B,B,B
UX1992-92,A,A,A,A,A,A
UX1992-204,A,A,A,A,A,A
UX1992-325,NA,A,A,A,A,A
UX1992-203,NA,B,B,B,B,B
UX1992-93,B,B,B,B,B,NA
UX1992-324,A,A,NA,A,A,NA
UX1992-202,A,NA,A,A,A,A
UX1992-94,B,NA,NA,B,B,B
UX1992-323,B,B,B,NA,B,B
UX1992-95,A,A,A,A,A,A
UX1992-201,A,NA,A,A,NA,NA
UX1992-322,NA,B,B,B,B,B
UX1992-96,B,B,NA,B,B,NA
UX1992-321,NA,A,A,A,A,A
UX1992-97,B,B,NA,B,NA,B
UX1992-320,B,NA,B,B,B,B
UX1992-98,A,A,A,A,A,NA
UX1992-99,A,A,NA,A,A,NA
UX1992-219,B,B,B,NA,B,B
UX1992-218,B,B,B,B,B,B
UX1992-217,NA,A,A,A,A,NA
UX1992-338,B,B,B,B,B,B
UX1992-80,NA,NA,B,B,B,B
UX1992-337,NA,NA,NA,A,A,NA
UX1992-216,B,B,B,B,B,B
UX1992-81,B,B,NA,B,B,NA
UX1992-336,B,NA,B,B,B,B
UX1992-215,NA,A,A,A,A,A
UX1992-82,A,A,A,A,A,A
UX1992-214,A,A,A,A,A,A
UX1992-83,A,A,A,A,A,NA
UX1992-334,NA,NA,A,NA,A,NA
UX1992-213,B,B,B,B,B,B
UX1992-84,A,A,NA,A,A,A
UX1992-212,A,A,A,A,A,NA
UX1992-333,B,B,B,B,B,B
UX1992-85,A,A,A,A,A,A
UX1992-332,NA,A,NA,A,NA,A
UX1992-211,NA,NA,B,B,B,NA
UX1992-86,B,NA,B,B,NA,B
UX1992-331,A,A,NA,A,A,A
UX1992-210,NA,NA,NA,B,B,B
UX1992-87,A,B,B,B,B,B
UX1992-330,A,B,B,B,NA,B
UX1992-88,A,A,A,A,A,A
UX1992-89,B,B,NA,B,B,B
UX1992-309,A,NA,A,A,A,A
UX1992-308,A,A,A,A,A,A
UX1992-307,NA,A,NA,A,A,A
UX1992-306,A,NA,NA,B,NA,B
UX1992-305,NA,NA,A,NA,A,A
UX1992-304,A,NA,A,NA,A,NA
UX1992-303,NA,A,A,A,A,A
UX1992-302,A,A,A,NA,A,A
UX1992-301,A,NA,A,A,A,A
UX1992-300,B,NA,NA,NA,A,NA
UX1992-319,A,A,NA,A,NA,A
UX1992-318,A,A,A,A,A,NA
UX1992-317,B,B,B,B,B,NA
UX1992-315,NA,A,A,A,A,A
UX1992-314,B,B,B,B,B,B
UX1992-313,B,B,NA,NA,B,B
UX1992-312,NA,A,A,A,NA,NA
UX1992-311,A,A,NA,A,A,NA
UX1992-310,NA,NA,A,A,NA,A
UX1992-3,A,A,A,A,A,A
UX1992-2,A,A,A,A,A,A
UX1992-8,NA,B,B,B,B,B
UX1992-7,B,B,NA,B,B,B
UX1992-6,NA,A,A,NA,A,A
UX1992-5,NA,A,NA,A,A,A
UX1992-9,NA,B,B,B,B,B
UX1992-190,A,A,A,A,A,NA
UX1992-187,NA,NA,A,A,A,A
UX1992-186,B,B,B,B,NA,B
UX1992-185,A,A,A,A,A,A
UX1992-184,A,A,A,A,NA,A
UX1992-183,A,A,A,A,A,A
UX1992-182,A,NA,A,A,A,A
UX1992-181,A,A,A,A,A,A
