Rep,Entry,WaxHeads,WaxLeafBOTTOM,WaxLeafTOP,WaxLeafComp
1,126,1,4,3,7
1,38,3,4,3,7
1,301,3,4,3,7
2,10,3,4,3,7
1,35,4,4,3,7
1,231,4,4,3,7
2,35,4,4,3,7
2,331,4,4,3,7
1,90,1,4,2,6
1,174,2,4,2,6
1,20,2,4,2,6
1,43,2,4,2,6
2,216,2,4,2,6
2,228,2,4,2,6
2,43,2,4,2,6
1,23,3,4,2,6
1,87,3,4,2,6
1,345,3,4,2,6
1,317,3,4,2,6
1,335,3,4,2,6
2,231,3,4,2,6
1,169,4,4,2,6
1,168,4,4,2,6
1,190,4,4,2,6
1,70,4,4,2,6
1,AGS2000,4,4,2,6
1,299,4,4,2,6
1,AGS2000,4,4,2,6
1,300,4,4,2,6
1,44,4,4,2,6
1,102,4,4,2,6
2,300,4,4,2,6
2,26,4,4,2,6
2,AGS2000,4,4,2,6
1,5,3,3,2,5
1,AGS2000,4,3,2,5
1,9,1,4,1,5
1,228,2,4,1,5
1,343,2,4,1,5
1,45,2,4,1,5
1,67,2,4,1,5
1,186,2,4,1,5
1,17,2,4,1,5
1,25,2,4,1,5
1,308,2,4,1,5
1,139,2,4,1,5
1,266,2,4,1,5
2,90,2,4,1,5
2,177,2,4,1,5
1,341,3,4,1,5
1,239,3,4,1,5
1,309,3,4,1,5
1,171,3,4,1,5
1,313,3,4,1,5
1,155,3,4,1,5
1,29,3,4,1,5
1,252,3,4,1,5
1,282,3,4,1,5
1,96,3,4,1,5
1,315,3,4,1,5
1,306,3,4,1,5
1,261,3,4,1,5
1,22,3,4,1,5
1,100,3,4,1,5
1,357,3,4,1,5
2,308,3,4,1,5
2,94,3,4,1,5
2,360,3,4,1,5
2,301,3,4,1,5
2,322,3,4,1,5
2,173,3,4,1,5
2,221,3,4,1,5
2,23,3,4,1,5
2,38,3,4,1,5
2,255,3,4,1,5
2,186,3,4,1,5
2,109,3,4,1,5
2,87,3,4,1,5
2,100,3,4,1,5
1,11,4,4,1,5
1,281,4,4,1,5
1,205,4,4,1,5
1,331,4,4,1,5
1,42,4,4,1,5
1,285,4,4,1,5
1,221,4,4,1,5
1,298,4,4,1,5
1,275,4,4,1,5
1,54,4,4,1,5
1,216,4,4,1,5
1,327,4,4,1,5
1,195,4,4,1,5
1,AGS2000,4,4,1,5
1,322,4,4,1,5
1,220,4,4,1,5
2,327,4,4,1,5
2,AGS2000,4,4,1,5
2,AGS2000,4,4,1,5
2,AGS2000,4,4,1,5
2,110,4,4,1,5
2,54,4,4,1,5
2,AGS2000,4,4,1,5
2,335,4,4,1,5
2,AGS2000,4,4,1,5
2,102,4,4,1,5
2,270,4,4,1,5
2,284,4,4,1,5
2,AGS2000,4,4,1,5
2,222,4,4,1,5
2,36,4,4,1,5
2,205,4,4,1,5
2,AGS2000,4,4,1,5
2,44,4,4,1,5
2,80,4,4,1,5
2,3,4,4,1,5
2,AGS2000,1,3,1,4
1,AGS2000,2,3,1,4
1,359,2,3,1,4
2,224,2,3,1,4
1,94,3,3,1,4
1,350,3,3,1,4
1,167,3,3,1,4
1,68,3,3,1,4
2,17,3,3,1,4
2,25,3,3,1,4
1,356,4,3,1,4
1,110,4,3,1,4
2,AGS2000,4,3,1,4
2,220,4,3,1,4
2,11,4,3,1,4
1,164,3,2,1,3
2,18,2,0,1,1
2,14,3,0,1,1
1,349,1,4,0,4
1,121,1,4,0,4
1,134,1,4,0,4
2,121,1,4,0,4
2,9,1,4,0,4
2,12,1,4,0,4
1,115,2,4,0,4
1,177,2,4,0,4
1,197,2,4,0,4
1,14,2,4,0,4
1,173,2,4,0,4
1,165,2,4,0,4
1,135,2,4,0,4
1,326,2,4,0,4
1,325,2,4,0,4
2,67,2,4,0,4
2,264,2,4,0,4
2,326,2,4,0,4
2,311,2,4,0,4
2,126,2,4,0,4
2,252,2,4,0,4
2,304,2,4,0,4
2,19,2,4,0,4
1,179,3,4,0,4
1,245,3,4,0,4
1,80,3,4,0,4
1,284,3,4,0,4
1,84,3,4,0,4
1,107,3,4,0,4
1,83,3,4,0,4
1,268,3,4,0,4
1,241,3,4,0,4
1,104,3,4,0,4
1,16,3,4,0,4
1,109,3,4,0,4
1,360,3,4,0,4
2,271,3,4,0,4
2,101,3,4,0,4
2,98,3,4,0,4
2,70,3,4,0,4
2,56,3,4,0,4
2,69,3,4,0,4
2,179,3,4,0,4
2,268,3,4,0,4
2,225,3,4,0,4
2,132,3,4,0,4
2,272,3,4,0,4
2,182,3,4,0,4
2,113,3,4,0,4
2,155,3,4,0,4
2,332,3,4,0,4
2,178,3,4,0,4
1,244,4,4,0,4
1,56,4,4,0,4
1,278,4,4,0,4
1,AGS2000,4,4,0,4
1,AGS2000,4,4,0,4
1,AGS2000,4,4,0,4
1,36,4,4,0,4
1,198,4,4,0,4
1,260,4,4,0,4
1,AGS2000,4,4,0,4
1,AGS2000,4,4,0,4
1,111,4,4,0,4
1,AGS2000,4,4,0,4
1,AGS2000,4,4,0,4
1,10,4,4,0,4
1,270,4,4,0,4
2,281,4,4,0,4
2,289,4,4,0,4
2,7,4,4,0,4
2,AGS2000,4,4,0,4
2,340,4,4,0,4
2,356,4,4,0,4
2,AGS2000,4,4,0,4
2,298,4,4,0,4
2,AGS2000,4,4,0,4
2,223,4,4,0,4
2,278,4,4,0,4
2,251,4,4,0,4
2,169,4,4,0,4
2,71,4,4,0,4
2,191,4,4,0,4
2,260,4,4,0,4
2,111,4,4,0,4
2,341,4,4,0,4
2,AGS2000,4,4,0,4
1,199,1,3,0,3
1,187,1,3,0,3
1,19,1,3,0,3
1,180,1,3,0,3
1,146,1,3,0,3
1,230,1,3,0,3
1,337,1,3,0,3
2,134,1,3,0,3
2,58,1,3,0,3
2,89,1,3,0,3
2,199,1,3,0,3
2,139,1,3,0,3
2,57,1,3,0,3
2,321,1,3,0,3
1,159,2,3,0,3
1,224,2,3,0,3
1,196,2,3,0,3
1,55,2,3,0,3
1,321,2,3,0,3
1,40,2,3,0,3
1,79,2,3,0,3
1,246,2,3,0,3
1,158,2,3,0,3
1,61,2,3,0,3
1,49,2,3,0,3
1,185,2,3,0,3
1,33,2,3,0,3
1,34,2,3,0,3
1,50,2,3,0,3
1,264,2,3,0,3
1,208,2,3,0,3
1,279,2,3,0,3
1,31,2,3,0,3
1,176,2,3,0,3
1,117,2,3,0,3
1,4,2,3,0,3
1,225,2,3,0,3
1,15,2,3,0,3
1,72,2,3,0,3
2,133,2,3,0,3
2,123,2,3,0,3
2,174,2,3,0,3
2,291,2,3,0,3
2,79,2,3,0,3
2,135,2,3,0,3
2,297,2,3,0,3
2,209,2,3,0,3
2,349,2,3,0,3
2,165,2,3,0,3
1,251,3,3,0,3
1,206,3,3,0,3
1,274,3,3,0,3
1,347,3,3,0,3
1,207,3,3,0,3
1,330,3,3,0,3
1,147,3,3,0,3
1,128,3,3,0,3
1,258,3,3,0,3
1,153,3,3,0,3
1,152,3,3,0,3
1,265,3,3,0,3
1,119,3,3,0,3
1,149,3,3,0,3
1,150,3,3,0,3
1,200,3,3,0,3
1,175,3,3,0,3
1,69,3,3,0,3
1,342,3,3,0,3
1,88,3,3,0,3
1,247,3,3,0,3
1,178,3,3,0,3
1,137,3,3,0,3
2,13,3,3,0,3
2,206,3,3,0,3
2,227,3,3,0,3
2,330,3,3,0,3
2,198,3,3,0,3
2,314,3,3,0,3
2,239,3,3,0,3
2,157,3,3,0,3
2,168,3,3,0,3
2,241,3,3,0,3
2,117,3,3,0,3
2,345,3,3,0,3
2,286,3,3,0,3
2,261,3,3,0,3
2,276,3,3,0,3
2,49,3,3,0,3
2,338,3,3,0,3
2,350,3,3,0,3
2,60,3,3,0,3
2,22,3,3,0,3
2,315,3,3,0,3
2,282,3,3,0,3
2,47,3,3,0,3
2,2,3,3,0,3
2,309,3,3,0,3
2,277,3,3,0,3
2,280,3,3,0,3
1,AGS2000,4,3,0,3
1,255,4,3,0,3
1,354,4,3,0,3
1,157,4,3,0,3
1,113,4,3,0,3
1,AGS2000,4,3,0,3
1,340,4,3,0,3
1,AGS2000,4,3,0,3
1,6,4,3,0,3
1,26,4,3,0,3
1,39,4,3,0,3
1,AGS2000,4,3,0,3
1,222,4,3,0,3
1,76,4,3,0,3
1,98,4,3,0,3
1,286,4,3,0,3
2,190,4,3,0,3
2,299,4,3,0,3
2,357,4,3,0,3
2,99,4,3,0,3
2,317,4,3,0,3
2,354,4,3,0,3
2,39,4,3,0,3
2,6,4,3,0,3
2,AGS2000,4,3,0,3
2,72,4,3,0,3
2,266,4,3,0,3
2,175,4,3,0,3
2,195,.,3,0,3
1,288,1,2,0,2
1,141,1,2,0,2
1,163,1,2,0,2
1,160,1,2,0,2
1,292,1,2,0,2
1,218,1,2,0,2
1,LA95135,1,2,0,2
1,LA95135,1,2,0,2
1,297,1,2,0,2
1,LA95135,1,2,0,2
1,12,1,2,0,2
1,302,1,2,0,2
1,8,1,2,0,2
1,202,1,2,0,2
1,293,1,2,0,2
1,234,1,2,0,2
1,242,1,2,0,2
1,204,1,2,0,2
1,48,1,2,0,2
1,116,1,2,0,2
1,226,1,2,0,2
1,85,1,2,0,2
2,237,1,2,0,2
2,344,1,2,0,2
2,116,1,2,0,2
2,337,1,2,0,2
2,343,1,2,0,2
2,8,1,2,0,2
2,53,1,2,0,2
2,245,1,2,0,2
2,20,1,2,0,2
2,LA95135,1,2,0,2
2,273,1,2,0,2
2,108,1,2,0,2
1,193,2,2,0,2
1,106,2,2,0,2
1,311,2,2,0,2
1,182,2,2,0,2
1,213,2,2,0,2
1,339,2,2,0,2
1,201,2,2,0,2
1,353,2,2,0,2
1,122,2,2,0,2
1,58,2,2,0,2
1,13,2,2,0,2
1,283,2,2,0,2
1,344,2,2,0,2
1,280,2,2,0,2
1,273,2,2,0,2
1,18,2,2,0,2
1,131,2,2,0,2
1,108,2,2,0,2
1,219,2,2,0,2
1,307,2,2,0,2
1,89,2,2,0,2
1,304,2,2,0,2
1,27,2,2,0,2
1,291,2,2,0,2
1,269,2,2,0,2
1,148,2,2,0,2
1,132,2,2,0,2
1,256,2,2,0,2
1,81,2,2,0,2
1,63,2,2,0,2
1,209,2,2,0,2
1,62,2,2,0,2
1,203,2,2,0,2
1,334,2,2,0,2
1,30,2,2,0,2
1,124,2,2,0,2
1,295,2,2,0,2
2,148,2,2,0,2
2,171,2,2,0,2
2,16,2,2,0,2
2,141,2,2,0,2
2,153,2,2,0,2
2,294,2,2,0,2
2,163,2,2,0,2
2,106,2,2,0,2
2,144,2,2,0,2
2,197,2,2,0,2
2,146,2,2,0,2
2,164,2,2,0,2
2,65,2,2,0,2
2,208,2,2,0,2
2,339,2,2,0,2
2,204,2,2,0,2
2,325,2,2,0,2
2,180,2,2,0,2
2,202,2,2,0,2
1,289,3,2,0,2
1,332,3,2,0,2
1,120,3,2,0,2
1,145,3,2,0,2
1,223,3,2,0,2
1,328,3,2,0,2
1,57,3,2,0,2
1,133,3,2,0,2
1,75,3,2,0,2
1,166,3,2,0,2
1,263,3,2,0,2
1,170,3,2,0,2
1,314,3,2,0,2
1,271,3,2,0,2
1,191,3,2,0,2
1,323,3,2,0,2
1,227,3,2,0,2
1,101,3,2,0,2
1,71,3,2,0,2
2,306,3,2,0,2
2,244,3,2,0,2
2,250,3,2,0,2
2,342,3,2,0,2
2,63,3,2,0,2
2,88,3,2,0,2
2,263,3,2,0,2
2,83,3,2,0,2
2,328,3,2,0,2
2,230,3,2,0,2
2,274,3,2,0,2
2,149,3,2,0,2
2,207,3,2,0,2
2,283,3,2,0,2
2,120,3,2,0,2
2,167,3,2,0,2
2,96,3,2,0,2
2,150,3,2,0,2
2,143,3,2,0,2
2,285,3,2,0,2
2,158,3,2,0,2
2,188,3,2,0,2
2,247,3,2,0,2
2,347,3,2,0,2
2,313,3,2,0,2
2,267,3,2,0,2
2,115,3,2,0,2
2,279,3,2,0,2
2,359,3,2,0,2
2,34,3,2,0,2
2,27,3,2,0,2
2,50,3,2,0,2
2,68,3,2,0,2
2,107,3,2,0,2
2,131,3,2,0,2
2,5,3,2,0,2
2,166,3,2,0,2
2,160,3,2,0,2
2,119,3,2,0,2
2,176,3,2,0,2
1,32,4,2,0,2
1,136,4,2,0,2
1,73,4,2,0,2
1,232,4,2,0,2
1,AGS2000,4,2,0,2
1,3,4,2,0,2
1,272,4,2,0,2
2,265,4,2,0,2
2,32,4,2,0,2
2,AGS2000,4,2,0,2
2,136,4,2,0,2
2,64,4,2,0,2
2,76,4,2,0,2
2,AGS2000,4,2,0,2
2,62,4,2,0,2
2,348,4,2,0,2
2,147,4,2,0,2
2,323,4,2,0,2
1,LA95135,1,1,0,1
1,LA95135,1,1,0,1
1,LA95135,1,1,0,1
1,LA95135,1,1,0,1
1,253,1,1,0,1
1,257,1,1,0,1
1,LA95135,1,1,0,1
1,LA95135,1,1,0,1
1,333,1,1,0,1
1,233,1,1,0,1
1,LA95135,1,1,0,1
1,238,1,1,0,1
1,LA95135,1,1,0,1
1,LA95135,1,1,0,1
1,52,1,1,0,1
1,235,1,1,0,1
1,LA95135,1,1,0,1
1,LA95135,1,1,0,1
1,LA95135,1,1,0,1
2,LA95135,1,1,0,1
2,233,1,1,0,1
2,LA95135,1,1,0,1
2,234,1,1,0,1
2,253,1,1,0,1
2,257,1,1,0,1
2,187,1,1,0,1
2,81,1,1,0,1
2,LA95135,1,1,0,1
2,302,1,1,0,1
2,91,1,1,0,1
2,31,1,1,0,1
2,159,1,1,0,1
2,288,1,1,0,1
2,333,1,1,0,1
2,292,1,1,0,1
2,LA95135,1,1,0,1
2,LA95135,1,1,0,1
2,LA95135,1,1,0,1
1,92,2,1,0,1
1,250,2,1,0,1
1,294,2,1,0,1
1,312,2,1,0,1
1,60,2,1,0,1
1,189,2,1,0,1
1,276,2,1,0,1
1,91,2,1,0,1
1,267,2,1,0,1
1,77,2,1,0,1
1,249,2,1,0,1
1,144,2,1,0,1
1,338,2,1,0,1
1,24,2,1,0,1
2,128,2,1,0,1
2,238,2,1,0,1
2,196,2,1,0,1
2,258,2,1,0,1
2,334,2,1,0,1
2,269,2,1,0,1
2,85,2,1,0,1
2,213,2,1,0,1
2,254,2,1,0,1
2,312,2,1,0,1
2,293,2,1,0,1
2,92,2,1,0,1
2,30,2,1,0,1
2,33,2,1,0,1
2,226,2,1,0,1
2,40,2,1,0,1
2,189,2,1,0,1
2,15,2,1,0,1
2,203,2,1,0,1
2,LA95135,2,1,0,1
2,124,2,1,0,1
2,219,2,1,0,1
2,77,2,1,0,1
1,47,3,1,0,1
1,348,3,1,0,1
1,254,3,1,0,1
1,65,3,1,0,1
1,143,3,1,0,1
1,277,3,1,0,1
1,229,3,1,0,1
1,123,3,1,0,1
2,29,3,1,0,1
2,185,3,1,0,1
2,45,3,1,0,1
2,137,3,1,0,1
2,4,3,1,0,1
2,55,3,1,0,1
2,229,3,1,0,1
2,170,3,1,0,1
2,104,3,1,0,1
2,73,3,1,0,1
2,256,3,1,0,1
2,75,3,1,0,1
2,200,3,1,0,1
2,145,3,1,0,1
2,24,3,1,0,1
2,61,3,1,0,1
2,242,3,1,0,1
2,122,3,1,0,1
2,84,3,1,0,1
1,7,4,1,0,1
1,99,4,1,0,1
2,232,4,1,0,1
2,42,4,1,0,1
2,AGS2000,.,1,0,1
1,LA95135,1,0,0,0
1,237,1,0,0,0
1,LA95135,1,0,0,0
1,LA95135,1,0,0,0
1,53,1,0,0,0
1,2,1,0,0,0
2,295,1,0,0,0
2,48,1,0,0,0
2,235,1,0,0,0
2,LA95135,1,0,0,0
2,LA95135,1,0,0,0
2,LA95135,1,0,0,0
2,353,1,0,0,0
2,307,1,0,0,0
2,LA95135,1,0,0,0
2,LA95135,1,0,0,0
2,218,1,0,0,0
2,201,1,0,0,0
2,LA95135,1,0,0,0
2,LA95135,1,0,0,0
2,LA95135,1,0,0,0
2,193,2,0,0,0
2,249,2,0,0,0
2,152,2,0,0,0
2,52,2,0,0,0
2,246,3,0,0,0
2,LA95135,4,0,0,0
1,188,3,.,0,.
1,64,4,.,0,.
