Plot_ID,Tray,Entry,Rep,Plot,flowering,Wax Leaf Bottom 4/22/21,Wax Spike 4/26/21
R21-LA-1,26.1.1,Barley,1,1,4/7/2021,,
R21-LA-2,26.1.2,LA95135,1,2,4/16/2021,1,1
R21-LA-3,26.1.3,AGS2000,1,3,4/15/2021,4,4
R21-LA-4,26.1.4,LA95135,1,4,4/19/2021,1,1
R21-LA-5,26.2.1,107,1,5,4/18/2021,3,3
R21-LA-6,26.2.2,297,1,6,4/12/2021,1,2
R21-LA-7,26.2.3,269,1,7,4/16/2021,2,3
R21-LA-8,26.2.4,177,1,8,4/19/2021,3,2
R21-LA-9,26.3.1,232,1,9,4/19/2021,2,4
R21-LA-10,26.3.2,264,1,10,4/11/2021,3,3
R21-LA-11,26.3.3,360,1,11,4/17/2021,3,3
R21-LA-12,26.3.4,228,1,12,4/19/2021,4,1
R21-LA-13,26.4.1,101,1,13,4/14/2021,4,4
R21-LA-14,26.4.2,223,1,14,4/12/2021,3,4
R21-LA-15,26.4.3,AGS2000,1,15,4/15/2021,4,4
R21-LA-16,26.4.4,238,1,16,4/15/2021,2,1
R21-LA-17,26.5.1,111,1,17,4/19/2021,3,4
R21-LA-18,26.5.2,250,1,18,4/20/2021,3,1
R21-LA-19,26.5.3,220,1,19,4/19/2021,4,4
R21-LA-20,26.5.4,53,1,20,4/11/2021,2,2
R21-LA-21,26.6.1,204,1,21,4/19/2021,4,2
R21-LA-22,26.6.2,99,1,22,4/18/2021,3,4
R21-LA-23,26.6.3,307,1,23,4/15/2021,3,3
R21-LA-24,26.6.4,LA95135,1,24,4/17/2021,1,1
R21-LA-25,26.7.1,245,1,25,4/17/2021,4,2
R21-LA-26,26.7.2,170,1,26,4/12/2021,3,3
R21-LA-27,26.7.3,169,1,27,4/20/2021,4,4
R21-LA-28,26.7.4,292,1,28,4/13/2021,2,2
R21-LA-29,26.8.1,19,1,29,4/19/2021,2,3
R21-LA-30,26.8.2,27,1,30,4/22/2021,2,1
R21-LA-31,26.8.3,153,1,31,4/18/2021,3,3
R21-LA-32,26.8.4,311,1,32,4/19/2021,4,3
R21-LA-33,26.9.1,5,1,33,4/23/2021,3,2
R21-LA-34,26.9.2,326,1,34,4/13/2021,3,2
R21-LA-35,26.9.3,252,1,35,4/19/2021,3,3
R21-LA-36,26.9.4,AGS2000,1,36,4/17/2021,4,4
R21-LA-37,26.10.1,2,1,37,4/14/2021,2,3
R21-LA-38,26.10.2,308,1,38,4/23/2021,4,2
R21-LA-39,26.10.3,55,1,39,4/13/2021,4,3
R21-LA-40,26.10.4,87,1,40,4/19/2021,4,3
R21-LA-41,26.11.1,LA95135,1,41,4/18/2021,1,1
R21-LA-42,26.11.2,104,1,42,4/18/2021,2,3
R21-LA-43,26.11.3,54,1,43,4/17/2021,4,4
R21-LA-44,26.11.4,286,1,44,4/17/2021,2,4
R21-LA-45,26.12.1,330,1,45,4/12/2021,3,4
R21-LA-46,26.12.2,304,1,46,4/14/2021,2,2
R21-LA-47,26.12.3,175,1,47,4/16/2021,4,3
R21-LA-48,26.12.4,150,1,48,4/12/2021,3,3
R21-LA-49,26.13.1,89,1,49,4/14/2021,1,2
R21-LA-50,26.13.2,85,1,50,4/14/2021,1,3
R21-LA-51,26.13.3,12,1,51,4/13/2021,2,2
R21-LA-52,26.13.4,341,1,52,4/19/2021,2,4
R21-LA-53,26.14.1,31,1,53,4/14/2021,2,3
R21-LA-54,26.14.2,340,1,54,4/15/2021,2,4
R21-LA-55,26.14.3,334,1,55,4/14/2021,1,1
R21-LA-56,26.14.4,197,1,56,4/15/2021,2,2
R21-LA-57,26.15.1,110,1,57,4/14/2021,4,4
R21-LA-58,26.15.2,100,1,58,4/17/2021,2,3
R21-LA-59,26.15.3,4,1,59,4/13/2021,2,2
R21-LA-60,26.15.4,47,1,60,4/11/2021,1,4
R21-LA-61,26.16.1,72,1,61,4/21/2021,4,1
R21-LA-62,26.16.2,168,1,62,4/10/2021,4,4
R21-LA-63,26.16.3,35,1,63,4/19/2021,4,4
R21-LA-64,26.16.4,AGS2000,1,64,4/15/2021,4,4
R21-LA-65,26.17.1,179,1,65,4/18/2021,4,3
R21-LA-66,26.17.2,62,1,66,4/15/2021,2,3
R21-LA-67,26.17.3,208,1,67,4/17/2021,4,2
R21-LA-68,26.17.4,317,1,68,4/23/2021,4,2
R21-LA-69,26.18.1,254,1,69,4/12/2021,1,2
R21-LA-70,26.18.2,126,1,70,4/20/2021,3,1
R21-LA-71,26.18.3,69,1,71,4/12/2021,4,4
R21-LA-72,26.18.4,226,1,72,4/11/2021,2,2
R21-LA-73,26.19.1,224,1,73,4/17/2021,3,2
R21-LA-74,26.19.2,247,1,74,4/15/2021,2,4
R21-LA-75,26.19.3,11,1,75,4/13/2021,4,4
R21-LA-76,26.19.4,251,1,76,4/14/2021,3,4
R21-LA-77,26.20.1,253,1,77,4/14/2021,2,2
R21-LA-78,26.20.2,15,1,78,4/15/2021,2,3
R21-LA-79,26.20.3,7,1,79,4/16/2021,4,4
R21-LA-80,26.20.4,339,1,80,4/9/2021,4,4
R21-LA-81,27.1.1,Barley,1,81,4/7/2021,,
R21-LA-82,27.1.2,AGS2000,1,82,4/15/2021,4,4
R21-LA-83,27.1.3,LA95135,1,83,4/14/2021,1,1
R21-LA-84,27.1.4,AGS2000,1,84,4/14/2021,4,4
R21-LA-85,27.2.1,144,1,85,4/19/2021,1,2
R21-LA-86,27.2.2,348,1,86,4/15/2021,1,4
R21-LA-87,27.2.3,148,1,87,4/9/2021,1,4
R21-LA-88,27.2.4,77,1,88,4/15/2021,3,2
R21-LA-89,27.3.1,284,1,89,4/19/2021,4,3
R21-LA-90,27.3.2,48,1,90,4/15/2021,2,2
R21-LA-91,27.3.3,39,1,91,4/10/2021,3,4
R21-LA-92,27.3.4,LA95135,1,92,4/14/2021,2,1
R21-LA-93,27.4.1,246,1,93,4/14/2021,2,4
R21-LA-94,27.4.2,288,1,94,4/15/2021,1,1
R21-LA-95,27.4.3,293,1,95,4/8/2021,1,2
R21-LA-96,27.4.4,147,1,96,4/13/2021,3,4
R21-LA-97,27.5.1,278,1,97,4/19/2021,3,4
R21-LA-98,27.5.2,120,1,98,4/15/2021,2,4
R21-LA-99,27.5.3,205,1,99,4/20/2021,3,4
R21-LA-100,27.5.4,42,1,100,4/14/2021,4,4
R21-LA-101,27.6.1,131,1,101,4/22/2021,2,1
R21-LA-102,27.6.2,289,1,102,4/13/2021,2,4
R21-LA-103,27.6.3,32,1,103,4/14/2021,1,3
R21-LA-104,27.6.4,137,1,104,4/12/2021,3,3
R21-LA-105,27.7.1,132,1,105,4/18/2021,2,3
R21-LA-106,27.7.2,206,1,106,4/18/2021,3,4
R21-LA-107,27.7.3,171,1,107,4/15/2021,3,3
R21-LA-108,27.7.4,234,1,108,4/17/2021,4,3
R21-LA-109,27.8.1,159,1,109,4/14/2021,3,3
R21-LA-110,27.8.2,38,1,110,4/15/2021,4,4
R21-LA-111,27.8.3,106,1,111,4/16/2021,2,2
R21-LA-112,27.8.4,119,1,112,4/13/2021,4,3
R21-LA-113,27.9.1,64,1,113,4/22/2021,2,4
R21-LA-114,27.9.2,242,1,114,4/15/2021,1,3
R21-LA-115,27.9.3,333,1,115,4/12/2021,2,2
R21-LA-116,27.9.4,244,1,116,4/14/2021,3,4
R21-LA-117,27.10.1,121,1,117,4/21/2021,4,2
R21-LA-118,27.10.2,201,1,118,4/12/2021,1,2
R21-LA-119,27.10.3,274,1,119,4/12/2021,3,4
R21-LA-120,27.10.4,190,1,120,4/11/2021,3,4
R21-LA-121,27.11.1,199,1,121,4/16/2021,1,1
R21-LA-122,27.11.2,349,1,122,4/14/2021,2,2
R21-LA-123,27.11.3,280,1,123,4/14/2021,2,3
R21-LA-124,27.11.4,164,1,124,4/13/2021,3,4
R21-LA-125,27.12.1,133,1,125,4/17/2021,3,4
R21-LA-126,27.12.2,10,1,126,4/9/2021,4,4
R21-LA-127,27.12.3,61,1,127,4/13/2021,2,2
R21-LA-128,27.12.4,AGS2000,1,128,4/15/2021,4,4
R21-LA-129,27.13.1,23,1,129,4/21/2021,4,3
R21-LA-130,27.13.2,16,1,130,4/11/2021,1,2
R21-LA-131,27.13.3,332,1,131,4/16/2021,2,2
R21-LA-132,27.13.4,285,1,132,4/11/2021,2,4
R21-LA-133,27.14.1,230,1,133,4/22/2021,2,1
R21-LA-134,27.14.2,18,1,134,4/14/2021,1,2
R21-LA-135,27.14.3,58,1,135,4/10/2021,2,2
R21-LA-136,27.14.4,219,1,136,4/16/2021,2,2
R21-LA-137,27.15.1,163,1,137,4/21/2021,3,2
R21-LA-138,27.15.2,189,1,138,4/11/2021,1,3
R21-LA-139,27.15.3,294,1,139,4/12/2021,2,4
R21-LA-140,27.15.4,276,1,140,4/14/2021,4,4
R21-LA-141,27.16.1,295,1,141,4/19/2021,1,2
R21-LA-142,27.16.2,350,1,142,4/14/2021,2,3
R21-LA-143,27.16.3,237,1,143,4/13/2021,1,2
R21-LA-144,27.16.4,136,1,144,4/15/2021,2,4
R21-LA-145,27.17.1,347,1,145,4/20/2021,2,3
R21-LA-146,27.17.2,281,1,146,4/16/2021,2,4
R21-LA-147,27.17.3,123,1,147,4/12/2021,1,2
R21-LA-148,27.17.4,229,1,148,4/16/2021,2,3
R21-LA-149,27.18.1,196,1,149,4/21/2021,1,1
R21-LA-150,27.18.2,256,1,150,4/14/2021,2,3
R21-LA-151,27.18.3,356,1,151,4/15/2021,2,4
R21-LA-152,27.18.4,LA95135,1,152,4/17/2021,1,1
R21-LA-153,27.19.1,314,1,153,4/19/2021,4,3
R21-LA-154,27.19.2,98,1,154,4/15/2021,2,4
R21-LA-155,27.19.3,143,1,155,4/14/2021,3,4
R21-LA-156,27.19.4,313,1,156,4/15/2021,4,3
R21-LA-157,27.20.1,71,1,157,4/17/2021,3,2
R21-LA-158,27.20.2,186,1,158,4/14/2021,3,3
R21-LA-159,27.20.3,198,1,159,4/14/2021,2,4
R21-LA-160,27.20.4,275,1,160,4/14/2021,4,4
R21-LA-161,28.1.1,Barley,1,161,4/7/2021,,
R21-LA-162,28.1.2,LA95135,1,162,4/16/2021,1,1
R21-LA-163,28.1.3,AGS2000,1,163,4/16/2021,4,4
R21-LA-164,28.1.4,LA95135,1,164,4/18/2021,1,1
R21-LA-165,28.2.1,255,1,165,4/14/2021,4,4
R21-LA-166,28.2.2,160,1,166,4/14/2021,3,3
R21-LA-167,28.2.3,218,1,167,4/13/2021,1,1
R21-LA-168,28.2.4,LA95135,1,168,4/16/2021,1,1
R21-LA-169,28.3.1,174,1,169,4/14/2021,4,3
R21-LA-170,28.3.2,239,1,170,4/19/2021,3,3
R21-LA-171,28.3.3,109,1,171,4/14/2021,4,4
R21-LA-172,28.3.4,122,1,172,4/15/2021,2,3
R21-LA-173,28.4.1,90,1,173,4/15/2021,3,1
R21-LA-174,28.4.2,134,1,174,4/16/2021,2,2
R21-LA-175,28.4.3,8,1,175,4/14/2021,3,2
R21-LA-176,28.4.4,327,1,176,4/10/2021,4,4
R21-LA-177,28.5.1,325,1,177,4/16/2021,2,2
R21-LA-178,28.5.2,222,1,178,4/17/2021,4,4
R21-LA-179,28.5.3,145,1,179,4/14/2021,2,3
R21-LA-180,28.5.4,331,1,180,4/20/2021,4,2
R21-LA-181,28.6.1,83,1,181,4/22/2021,3,1
R21-LA-182,28.6.2,344,1,182,4/9/2021,2,4
R21-LA-183,28.6.3,AGS2000,1,183,4/15/2021,4,4
R21-LA-184,28.6.4,91,1,184,4/15/2021,2,3
R21-LA-185,28.7.1,92,1,185,4/19/2021,2,2
R21-LA-186,28.7.2,345,1,186,4/19/2021,4,2
R21-LA-187,28.7.3,209,1,187,4/14/2021,3,2
R21-LA-188,28.7.4,265,1,188,4/13/2021,2,4
R21-LA-189,28.8.1,157,1,189,4/17/2021,3,4
R21-LA-190,28.8.2,166,1,190,4/12/2021,4,4
R21-LA-191,28.8.3,241,1,191,4/16/2021,3,2
R21-LA-192,28.8.4,3,1,192,4/14/2021,4,4
R21-LA-193,28.9.1,13,1,193,4/13/2021,3,4
R21-LA-194,28.9.2,40,1,194,4/13/2021,2,4
R21-LA-195,28.9.3,14,1,195,4/14/2021,3,3
R21-LA-196,28.9.4,343,1,196,4/15/2021,2,3
R21-LA-197,28.10.1,94,1,197,4/22/2021,2,3
R21-LA-198,28.10.2,312,1,198,4/18/2021,1,3
R21-LA-199,28.10.3,79,1,199,4/15/2021,2,2
R21-LA-200,28.10.4,193,1,200,4/16/2021,2,3
R21-LA-201,28.11.1,273,1,201,4/12/2021,1,2
R21-LA-202,28.11.2,139,1,202,4/14/2021,4,3
R21-LA-203,28.11.3,165,1,203,4/17/2021,3,2
R21-LA-204,28.11.4,20,1,204,4/18/2021,3,1
R21-LA-205,28.12.1,LA95135,1,205,4/16/2021,1,1
R21-LA-206,28.12.2,146,1,206,4/15/2021,2,2
R21-LA-207,28.12.3,63,1,207,4/14/2021,4,4
R21-LA-208,28.12.4,26,1,208,4/18/2021,4,4
R21-LA-209,28.13.1,221,1,209,4/15/2021,4,4
R21-LA-210,28.13.2,36,1,210,4/15/2021,4,4
R21-LA-211,28.13.3,335,1,211,4/21/2021,4,4
R21-LA-212,28.13.4,88,1,212,4/18/2021,3,3
R21-LA-213,28.14.1,299,1,213,4/13/2021,3,4
R21-LA-214,28.14.2,342,1,214,4/13/2021,3,4
R21-LA-215,28.14.3,182,1,215,4/18/2021,3,2
R21-LA-216,28.14.4,155,1,216,4/14/2021,4,3
R21-LA-217,28.15.1,283,1,217,4/15/2021,2,3
R21-LA-218,28.15.2,LA95135,1,218,4/16/2021,1,1
R21-LA-219,28.15.3,75,1,219,4/11/2021,2,4
R21-LA-220,28.15.4,323,1,220,4/16/2021,2,3
R21-LA-221,28.16.1,52,1,221,4/16/2021,2,1
R21-LA-222,28.16.2,AGS2000,1,222,4/14/2021,3,4
R21-LA-223,28.16.3,261,1,223,4/13/2021,4,3
R21-LA-224,28.16.4,263,1,224,4/14/2021,4,3
R21-LA-225,28.17.1,29,1,225,4/14/2021,4,3
R21-LA-226,28.17.2,225,1,226,4/20/2021,3,3
R21-LA-227,28.17.3,LA95135,1,227,4/15/2021,1,1
R21-LA-228,28.17.4,213,1,228,4/21/2021,2,1
R21-LA-229,28.18.1,6,1,229,4/14/2021,1,4
R21-LA-230,28.18.2,309,1,230,4/13/2021,4,3
R21-LA-231,28.18.3,50,1,231,4/10/2021,2,3
R21-LA-232,28.18.4,260,1,232,4/16/2021,4,4
R21-LA-233,28.19.1,176,1,233,4/14/2021,2,2
R21-LA-234,28.19.2,337,1,234,4/12/2021,1,2
R21-LA-235,28.19.3,306,1,235,4/13/2021,3,4
R21-LA-236,28.19.4,AGS2000,1,236,4/13/2021,4,4
R21-LA-237,28.20.1,80,1,237,4/15/2021,1,4
R21-LA-238,28.20.2,321,1,238,4/15/2021,3,2
R21-LA-239,28.20.3,291,1,239,4/16/2021,3,4
R21-LA-240,28.20.4,49,1,240,4/12/2021,3,3
R21-LA-241,29.1.1,Barley,1,241,4/7/2021,,
R21-LA-242,29.1.2,AGS2000,1,242,4/13/2021,4,4
R21-LA-243,29.1.3,LA95135,1,243,4/14/2021,1,1
R21-LA-244,29.1.4,AGS2000,1,244,4/14/2021,4,4
R21-LA-245,29.2.1,173,1,245,4/12/2021,4,4
R21-LA-246,29.2.2,185,1,246,4/11/2021,1,3
R21-LA-247,29.2.3,359,1,247,4/12/2021,3,3
R21-LA-248,29.2.4,158,1,248,4/14/2021,1,2
R21-LA-249,29.3.1,180,1,249,4/13/2021,2,1
R21-LA-250,29.3.2,167,1,250,4/11/2021,4,3
R21-LA-251,29.3.3,68,1,251,4/12/2021,4,4
R21-LA-252,29.3.4,300,1,252,4/15/2021,4,4
R21-LA-253,29.4.1,191,1,253,4/10/2021,2,3
R21-LA-254,29.4.2,60,1,254,4/19/2021,3,2
R21-LA-255,29.4.3,227,1,255,4/16/2021,4,3
R21-LA-256,29.4.4,277,1,256,4/17/2021,3,3
R21-LA-257,29.5.1,84,1,257,4/14/2021,4,3
R21-LA-258,29.5.2,141,1,258,4/14/2021,2,2
R21-LA-259,29.5.3,LA95135,1,259,4/17/2021,1,1
R21-LA-260,29.5.4,96,1,260,4/19/2021,3,4
R21-LA-261,29.6.1,17,1,261,4/20/2021,4,1
R21-LA-262,29.6.2,282,1,262,4/19/2021,4,4
R21-LA-263,29.6.3,271,1,263,4/18/2021,3,4
R21-LA-264,29.6.4,188,1,264,4/17/2021,4,4
R21-LA-265,29.7.1,357,1,265,4/15/2021,2,4
R21-LA-266,29.7.2,56,1,266,4/10/2021,4,4
R21-LA-267,29.7.3,124,1,267,4/16/2021,3,1
R21-LA-268,29.7.4,152,1,268,4/15/2021,1,3
R21-LA-269,29.8.1,338,1,269,4/15/2021,2,3
R21-LA-270,29.8.2,257,1,270,4/12/2021,1,2
R21-LA-271,29.8.3,43,1,271,4/20/2021,3,2
R21-LA-272,29.8.4,315,1,272,4/14/2021,4,4
R21-LA-273,29.9.1,272,1,273,4/16/2021,3,4
R21-LA-274,29.9.2,328,1,274,4/13/2021,3,4
R21-LA-275,29.9.3,44,1,275,4/17/2021,4,4
R21-LA-276,29.9.4,108,1,276,4/13/2021,2,2
R21-LA-277,29.10.1,102,1,277,4/15/2021,4,4
R21-LA-278,29.10.2,AGS2000,1,278,4/16/2021,4,4
R21-LA-279,29.10.3,302,1,279,4/16/2021,3,1
R21-LA-280,29.10.4,128,1,280,4/15/2021,3,2
R21-LA-281,29.11.1,65,1,281,4/12/2021,3,4
R21-LA-282,29.11.2,207,1,282,4/13/2021,3,4
R21-LA-283,29.11.3,135,1,283,4/16/2021,4,4
R21-LA-284,29.11.4,258,1,284,4/17/2021,3,2
R21-LA-285,29.12.1,45,1,285,4/19/2021,2,2
R21-LA-286,29.12.2,231,1,286,4/20/2021,4,3
R21-LA-287,29.12.3,353,1,287,4/11/2021,2,3
R21-LA-288,29.12.4,70,1,288,4/14/2021,4,4
R21-LA-289,29.13.1,268,1,289,4/15/2021,4,4
R21-LA-290,29.13.2,149,1,290,4/12/2021,4,4
R21-LA-291,29.13.3,267,1,291,4/14/2021,1,1
R21-LA-292,29.13.4,76,1,292,4/14/2021,3,4
R21-LA-293,29.14.1,9,1,293,4/15/2021,3,2
R21-LA-294,29.14.2,195,1,294,4/15/2021,2,4
R21-LA-295,29.14.3,298,1,295,4/12/2021,4,4
R21-LA-296,29.14.4,322,1,296,4/14/2021,3,4
R21-LA-297,29.15.1,233,1,297,4/13/2021,2,1
R21-LA-298,29.15.2,AGS2000,1,298,4/13/2021,4,4
R21-LA-299,29.15.3,34,1,299,4/15/2021,1,2
R21-LA-300,29.15.4,178,1,300,4/18/2021,3,3
R21-LA-301,29.16.1,30,1,301,4/11/2021,2,3
R21-LA-302,29.16.2,249,1,302,4/16/2021,1,2
R21-LA-303,29.16.3,115,1,303,4/12/2021,3,2
R21-LA-304,29.16.4,354,1,304,4/11/2021,4,4
R21-LA-305,29.17.1,266,1,305,4/12/2021,4,3
R21-LA-306,29.17.2,LA95135,1,306,4/14/2021,1,1
R21-LA-307,29.17.3,203,1,307,4/14/2021,4,1
R21-LA-308,29.17.4,235,1,308,4/10/2021,2,1
R21-LA-309,29.18.1,33,1,309,4/17/2021,2,3
R21-LA-310,29.18.2,301,1,310,4/17/2021,3,3
R21-LA-311,29.18.3,AGS2000,1,311,4/16/2021,4,4
R21-LA-312,29.18.4,57,1,312,4/12/2021,4,2
R21-LA-313,29.19.1,117,1,313,4/10/2021,3,4
R21-LA-314,29.19.2,116,1,314,4/12/2021,3,2
R21-LA-315,29.19.3,279,1,315,4/10/2021,3,3
R21-LA-316,29.19.4,73,1,316,4/11/2021,2,4
R21-LA-317,29.20.1,216,1,317,4/16/2021,4,4
R21-LA-318,29.20.2,113,1,318,4/14/2021,3,4
R21-LA-319,29.20.3,270,1,319,4/18/2021,2,4
R21-LA-320,29.20.4,202,1,320,4/12/2021,3,2
R21-LA-321,30.1.1,Barley,1,321,4/7/2021,,
R21-LA-322,30.1.2,LA95135,1,322,4/15/2021,2,1
R21-LA-323,30.1.3,AGS2000,1,323,4/15/2021,4,4
R21-LA-324,30.1.4,LA95135,1,324,4/16/2021,1,1
R21-LA-325,30.2.1,25,1,325,4/13/2021,3,2
R21-LA-326,30.2.2,187,1,326,4/10/2021,1,1
R21-LA-327,30.2.3,200,1,327,4/9/2021,1,4
R21-LA-328,30.2.4,22,1,328,4/14/2021,4,3
R21-LA-329,30.3.1,24,1,329,4/13/2021,1,4
R21-LA-330,30.3.2,81,1,330,4/14/2021,1,3
R21-LA-331,30.3.3,67,1,331,4/13/2021,2,2
R21-LA-332,30.3.4,218,2,332,4/12/2021,1,1
R21-LA-333,30.4.1,33,2,333,4/18/2021,2,3
R21-LA-334,30.4.2,190,2,334,4/13/2021,3,4
R21-LA-335,30.4.3,360,2,335,4/14/2021,3,2
R21-LA-336,30.4.4,143,2,336,4/11/2021,3,3
R21-LA-337,30.5.1,315,2,337,4/15/2021,4,3
R21-LA-338,30.5.2,109,2,338,4/14/2021,3,4
R21-LA-339,30.5.3,271,2,339,4/14/2021,3,3
R21-LA-340,30.5.4,227,2,340,4/14/2021,3,3
R21-LA-341,30.6.1,80,2,341,4/18/2021,4,4
R21-LA-342,30.6.2,249,2,342,4/16/2021,2,1
R21-LA-343,30.6.3,LA95135,2,343,4/14/2021,1,1
R21-LA-344,30.6.4,234,2,344,4/18/2021,2,2
R21-LA-345,30.7.1,335,2,345,4/22/2021,4,3
R21-LA-346,30.7.2,113,2,346,4/13/2021,3,4
R21-LA-347,30.7.3,115,2,347,4/15/2021,4,3
R21-LA-348,30.7.4,50,2,348,4/10/2021,2,3
R21-LA-349,30.8.1,111,2,349,4/17/2021,3,4
R21-LA-350,30.8.2,328,2,350,4/14/2021,3,4
R21-LA-351,30.8.3,AGS2000,2,351,4/16/2021,4,4
R21-LA-352,30.8.4,102,2,352,4/14/2021,4,4
R21-LA-353,30.9.1,283,2,353,4/19/2021,2,2
R21-LA-354,30.9.2,8,2,354,4/13/2021,1,2
R21-LA-355,30.9.3,LA95135,2,355,4/15/2021,1,1
R21-LA-356,30.9.4,196,2,356,4/18/2021,2,1
R21-LA-357,30.10.1,153,2,357,4/18/2021,3,2
R21-LA-358,30.10.2,131,2,358,4/20/2021,3,2
R21-LA-359,30.10.3,15,2,359,4/14/2021,3,3
R21-LA-360,30.10.4,201,2,360,4/15/2021,2,2
R21-LA-361,30.11.1,177,2,361,4/19/2021,4,1
R21-LA-362,30.11.2,265,2,362,4/11/2021,2,3
R21-LA-363,30.11.3,148,2,363,4/10/2021,1,3
R21-LA-364,30.11.4,341,2,364,4/16/2021,2,3
R21-LA-365,30.12.1,123,2,365,4/13/2021,2,4
R21-LA-366,30.12.2,357,2,366,4/16/2021,3,4
R21-LA-367,30.12.3,301,2,367,4/17/2021,4,3
R21-LA-368,30.12.4,128,2,368,4/14/2021,3,2
R21-LA-369,30.13.1,164,2,369,4/13/2021,3,3
R21-LA-370,30.13.2,342,2,370,4/14/2021,4,4
R21-LA-371,30.13.3,171,2,371,4/16/2021,3,1
R21-LA-372,30.13.4,AGS2000,2,372,4/15/2021,4,4
R21-LA-373,30.14.1,40,2,373,4/12/2021,3,2
R21-LA-374,30.14.2,39,2,374,4/11/2021,2,4
R21-LA-375,30.14.3,356,2,375,4/15/2021,2,4
R21-LA-376,30.14.4,193,2,376,4/17/2021,1,1
R21-LA-377,30.15.1,178,2,377,4/19/2021,3,1
R21-LA-378,30.15.2,275,2,378,4/12/2021,4,4
R21-LA-379,30.15.3,94,2,379,4/19/2021,3,2
R21-LA-380,30.15.4,120,2,380,4/20/2021,2,3
R21-LA-381,30.16.1,263,2,381,4/14/2021,4,2
R21-LA-382,30.16.2,244,2,382,4/17/2021,4,3
R21-LA-383,30.16.3,AGS2000,2,383,4/14/2021,4,4
R21-LA-384,30.16.4,12,2,384,4/12/2021,3,2
R21-LA-385,30.17.1,25,2,385,4/14/2021,2,2
R21-LA-386,30.17.2,75,2,386,4/10/2021,1,4
R21-LA-387,30.17.3,70,2,387,4/12/2021,4,3
R21-LA-388,30.17.4,229,2,388,4/17/2021,3,2
R21-LA-389,30.18.1,152,2,389,4/13/2021,2,2
R21-LA-390,30.18.2,204,2,390,4/17/2021,3,1
R21-LA-391,30.18.3,327,2,391,4/10/2021,4,4
R21-LA-392,30.18.4,278,2,392,4/19/2021,2,2
R21-LA-393,30.19.1,11,2,393,4/13/2021,4,4
R21-LA-394,30.19.2,158,2,394,4/14/2021,2,2
R21-LA-395,30.19.3,293,2,395,4/10/2021,1,1
R21-LA-396,30.19.4,106,2,396,4/14/2021,3,1
R21-LA-397,30.20.1,266,2,397,4/12/2021,4,3
R21-LA-398,30.20.2,71,2,398,4/17/2021,4,3
R21-LA-399,30.20.3,53,2,399,4/11/2021,1,1
R21-LA-400,30.20.4,186,2,400,4/12/2021,3,3
R21-LA-401,31.1.1,Barley,2,401,4/7/2021,,
R21-LA-402,31.1.2,AGS2000,2,402,4/13/2021,4,4
R21-LA-403,31.1.3,LA95135,2,403,4/14/2021,1,1
R21-LA-404,31.1.4,AGS2000,2,404,4/14/2021,4,4
R21-LA-405,31.2.1,LA95135,2,405,4/16/2021,1,1
R21-LA-406,31.2.2,311,2,406,4/15/2021,4,3
R21-LA-407,31.2.3,344,2,407,4/11/2021,2,3
R21-LA-408,31.2.4,223,2,408,4/12/2021,3,4
R21-LA-409,31.3.1,307,2,409,4/12/2021,3,3
R21-LA-410,31.3.2,326,2,410,4/12/2021,3,2
R21-LA-411,31.3.3,197,2,411,4/14/2021,2,1
R21-LA-412,31.3.4,119,2,412,4/12/2021,3,3
R21-LA-413,31.4.1,285,2,413,4/11/2021,3,4
R21-LA-414,31.4.2,79,2,414,4/14/2021,3,1
R21-LA-415,31.4.3,19,2,415,4/13/2021,3,4
R21-LA-416,31.4.4,61,2,416,4/12/2021,2,1
R21-LA-417,31.5.1,5,2,417,4/17/2021,2,2
R21-LA-418,31.5.2,144,2,418,4/16/2021,2,2
R21-LA-419,31.5.3,252,2,419,4/17/2021,4,2
R21-LA-420,31.5.4,99,2,420,4/16/2021,4,4
R21-LA-421,31.6.1,169,2,421,4/20/2021,4,4
R21-LA-422,31.6.2,AGS2000,2,422,4/16/2021,4,4
R21-LA-423,31.6.3,281,2,423,4/17/2021,3,4
R21-LA-424,31.6.4,77,2,424,4/17/2021,3,1
R21-LA-425,31.7.1,13,2,425,4/11/2021,4,3
R21-LA-426,31.7.2,132,2,426,4/16/2021,3,2
R21-LA-427,31.7.3,90,2,427,4/14/2021,3,1
R21-LA-428,31.7.4,52,2,428,4/17/2021,3,1
R21-LA-429,31.8.1,325,2,429,4/14/2021,3,2
R21-LA-430,31.8.2,110,2,430,4/13/2021,4,4
R21-LA-431,31.8.3,250,2,431,4/17/2021,2,1
R21-LA-432,31.8.4,286,2,432,4/16/2021,3,3
R21-LA-433,31.9.1,137,2,433,4/15/2021,3,3
R21-LA-434,31.9.2,345,2,434,4/17/2021,3,1
R21-LA-435,31.9.3,205,2,435,4/20/2021,4,3
R21-LA-436,31.9.4,96,2,436,4/17/2021,3,3
R21-LA-437,31.10.1,54,2,437,4/19/2021,4,4
R21-LA-438,31.10.2,83,2,438,4/20/2021,3,1
R21-LA-439,31.10.3,198,2,439,4/13/2021,2,4
R21-LA-440,31.10.4,166,2,440,4/12/2021,3,4
R21-LA-441,31.11.1,246,2,441,4/14/2021,2,3
R21-LA-442,31.11.2,AGS2000,2,442,4/15/2021,4,4
R21-LA-443,31.11.3,180,2,443,4/16/2021,3,1
R21-LA-444,31.11.4,254,2,444,4/11/2021,2,2
R21-LA-445,31.12.1,242,2,445,4/16/2021,2,2
R21-LA-446,31.12.2,LA95135,2,446,4/17/2021,1,1
R21-LA-447,31.12.3,225,2,447,4/17/2021,3,2
R21-LA-448,31.12.4,56,2,448,4/11/2021,4,4
R21-LA-449,31.13.1,191,2,449,4/11/2021,2,4
R21-LA-450,31.13.2,241,2,450,4/17/2021,3,1
R21-LA-451,31.13.3,209,2,451,4/13/2021,4,1
R21-LA-452,31.13.4,340,2,452,4/14/2021,3,4
R21-LA-453,31.14.1,34,2,453,4/16/2021,2,2
R21-LA-454,31.14.2,219,2,454,4/19/2021,3,2
R21-LA-455,31.14.3,182,2,455,4/17/2021,3,2
R21-LA-456,31.14.4,239,2,456,4/17/2021,4,3
R21-LA-457,31.15.1,348,2,457,4/18/2021,3,3
R21-LA-458,31.15.2,16,2,458,4/11/2021,2,1
R21-LA-459,31.15.3,220,2,459,4/14/2021,4,4
R21-LA-460,31.15.4,147,2,460,4/17/2021,3,3
R21-LA-461,31.16.1,107,2,461,4/18/2021,3,1
R21-LA-462,31.16.2,68,2,462,4/12/2021,3,3
R21-LA-463,31.16.3,23,2,463,4/17/2021,3,3
R21-LA-464,31.16.4,292,2,464,4/11/2021,2,2
R21-LA-465,31.17.1,10,2,465,4/10/2021,4,4
R21-LA-466,31.17.2,73,2,466,4/12/2021,3,4
R21-LA-467,31.17.3,213,2,467,4/20/2021,2,1
R21-LA-468,31.17.4,323,2,468,4/18/2021,2,3
R21-LA-469,31.18.1,264,2,469,4/11/2021,3,3
R21-LA-470,31.18.2,LA95135,2,470,4/14/2021,1,1
R21-LA-471,31.18.3,7,2,471,4/16/2021,4,4
R21-LA-472,31.18.4,247,2,472,4/11/2021,3,3
R21-LA-473,31.19.1,270,2,473,4/20/2021,3,4
R21-LA-474,31.19.2,170,2,474,4/10/2021,4,3
R21-LA-475,31.19.3,253,2,475,4/11/2021,1,1
R21-LA-476,31.19.4,308,2,476,4/23/2021,4,1
R21-LA-477,31.20.1,AGS2000,2,477,4/16/2021,4,4
R21-LA-478,31.20.2,353,2,478,4/11/2021,1,2
R21-LA-479,31.20.3,64,2,479,4/16/2021,2,4
R21-LA-480,31.20.4,245,2,480,4/17/2021,4,2
R21-LA-481,32.1.1,Barley,2,481,4/7/2021,,
R21-LA-482,32.1.2,LA95135,2,482,4/15/2021,1,1
R21-LA-483,32.1.3,AGS2000,2,483,4/14/2021,4,4
R21-LA-484,32.1.4,LA95135,2,484,4/15/2021,1,1
R21-LA-485,32.2.1,274,2,485,4/12/2021,4,4
R21-LA-486,32.2.2,294,2,486,4/12/2021,2,3
R21-LA-487,32.2.3,14,2,487,4/13/2021,4,2
R21-LA-488,32.2.4,226,2,488,4/12/2021,2,1
R21-LA-489,32.3.1,121,2,489,4/14/2021,4,1
R21-LA-490,32.3.2,289,2,490,4/12/2021,3,3
R21-LA-491,32.3.3,230,2,491,4/17/2021,3,1
R21-LA-492,32.3.4,208,2,492,4/17/2021,4,1
R21-LA-493,32.4.1,101,2,493,4/13/2021,4,3
R21-LA-494,32.4.2,314,2,494,4/14/2021,4,2
R21-LA-495,32.4.3,22,2,495,4/16/2021,4,2
R21-LA-496,32.4.4,60,2,496,4/21/2021,1,1
R21-LA-497,32.5.1,202,2,497,4/13/2021,3,2
R21-LA-498,32.5.2,76,2,498,4/14/2021,3,4
R21-LA-499,32.5.3,173,2,499,4/12/2021,4,4
R21-LA-500,32.5.4,81,2,500,4/13/2021,2,2
R21-LA-501,32.6.1,LA95135,2,501,4/16/2021,1,1
R21-LA-502,32.6.2,135,2,502,4/17/2021,3,3
R21-LA-503,32.6.3,331,2,503,4/17/2021,4,3
R21-LA-504,32.6.4,100,2,504,4/17/2021,4,2
R21-LA-505,32.7.1,261,2,505,4/16/2021,4,2
R21-LA-506,32.7.2,167,2,506,4/11/2021,4,4
R21-LA-507,32.7.3,238,2,507,4/13/2021,2,1
R21-LA-508,32.7.4,284,2,508,4/14/2021,3,2
R21-LA-509,32.8.1,98,2,509,4/16/2021,3,4
R21-LA-510,32.8.2,AGS2000,2,510,4/16/2021,4,4
R21-LA-511,32.8.3,159,2,511,4/11/2021,2,2
R21-LA-512,32.8.4,297,2,512,4/11/2021,1,2
R21-LA-513,32.9.1,6,2,513,4/13/2021,2,4
R21-LA-514,32.9.2,322,2,514,4/17/2021,3,4
R21-LA-515,32.9.3,55,2,515,4/12/2021,1,3
R21-LA-516,32.9.4,272,2,516,4/13/2021,3,3
R21-LA-517,32.10.1,231,2,517,4/19/2021,4,3
R21-LA-518,32.10.2,338,2,518,4/17/2021,1,2
R21-LA-519,32.10.3,224,2,519,4/14/2021,2,1
R21-LA-520,32.10.4,200,2,520,4/9/2021,2,4
R21-LA-521,32.11.1,133,2,521,4/15/2021,2,3
R21-LA-522,32.11.2,9,2,522,4/14/2021,4,2
R21-LA-523,32.11.3,188,2,523,4/15/2021,3,2
R21-LA-524,32.11.4,141,2,524,4/14/2021,3,1
R21-LA-525,32.12.1,43,2,525,4/22/2021,3,1
R21-LA-526,32.12.2,38,2,526,4/17/2021,4,4
R21-LA-527,32.12.3,29,2,527,4/14/2021,3,2
R21-LA-528,32.12.4,280,2,528,4/13/2021,3,2
R21-LA-529,32.13.1,207,2,529,4/15/2021,2,4
R21-LA-530,32.13.2,300,2,530,4/16/2021,4,4
R21-LA-531,32.13.3,155,2,531,4/14/2021,4,3
R21-LA-532,32.13.4,288,2,532,4/15/2021,2,1
R21-LA-533,32.14.1,LA95135,2,533,4/17/2021,1,1
R21-LA-534,32.14.2,87,2,534,4/17/2021,3,2
R21-LA-535,32.14.3,343,2,535,4/19/2021,2,2
R21-LA-536,32.14.4,AGS2000,2,536,4/16/2021,4,4
R21-LA-537,32.15.1,216,2,537,4/17/2021,4,4
R21-LA-538,32.15.2,36,2,538,4/17/2021,3,4
R21-LA-539,32.15.3,333,2,539,4/11/2021,2,2
R21-LA-540,32.15.4,350,2,540,4/14/2021,3,2
R21-LA-541,32.16.1,145,2,541,4/12/2021,1,3
R21-LA-542,32.16.2,139,2,542,4/14/2021,3,2
R21-LA-543,32.16.3,332,2,543,4/17/2021,3,3
R21-LA-544,32.16.4,276,2,544,4/16/2021,4,3
R21-LA-545,32.17.1,339,2,545,4/11/2021,4,3
R21-LA-546,32.17.2,277,2,546,4/17/2021,3,3
R21-LA-547,32.17.3,84,2,547,4/14/2021,3,2
R21-LA-548,32.17.4,157,2,548,4/17/2021,2,4
R21-LA-549,32.18.1,117,2,549,4/10/2021,3,3
R21-LA-550,32.18.2,313,2,550,4/12/2021,3,3
R21-LA-551,32.18.3,136,2,551,4/16/2021,1,4
R21-LA-552,32.18.4,89,2,552,4/13/2021,1,1
R21-LA-553,32.19.1,85,2,553,4/12/2021,1,2
R21-LA-554,32.19.2,176,2,554,4/13/2021,2,2
R21-LA-555,32.19.3,91,2,555,4/12/2021,3,3
R21-LA-556,32.19.4,221,2,556,4/14/2021,3,4
R21-LA-557,32.20.1,174,2,557,4/14/2021,4,3
R21-LA-558,32.20.2,108,2,558,4/12/2021,2,2
R21-LA-559,32.20.3,260,2,559,4/17/2021,4,4
R21-LA-560,32.20.4,27,2,560,4/22/2021,1,1
R21-LA-561,33.1.1,Barley,2,561,4/7/2021,,
R21-LA-562,33.1.2,AGS2000,2,562,4/13/2021,4,4
R21-LA-563,33.1.3,LA95135,2,563,4/15/2021,1,1
R21-LA-564,33.1.4,AGS2000,2,564,4/13/2021,4,4
R21-LA-565,33.2.1,67,2,565,4/16/2021,3,3
R21-LA-566,33.2.2,206,2,566,4/17/2021,3,4
R21-LA-567,33.2.3,LA95135,2,567,4/16/2021,1,1
R21-LA-568,33.2.4,299,2,568,4/12/2021,3,4
R21-LA-569,33.3.1,18,2,569,4/13/2021,1,2
R21-LA-570,33.3.2,30,2,570,4/11/2021,2,3
R21-LA-571,33.3.3,62,2,571,4/12/2021,1,3
R21-LA-572,33.3.4,222,2,572,4/13/2021,3,4
R21-LA-573,33.4.1,258,2,573,4/17/2021,2,2
R21-LA-574,33.4.2,160,2,574,4/10/2021,1,2
R21-LA-575,33.4.3,199,2,575,4/11/2021,1,1
R21-LA-576,33.4.4,347,2,576,4/16/2021,2,2
R21-LA-577,33.5.1,69,2,577,4/11/2021,4,4
R21-LA-578,33.5.2,185,2,578,4/12/2021,1,2
R21-LA-579,33.5.3,291,2,579,4/16/2021,3,4
R21-LA-580,33.5.4,268,2,580,4/14/2021,4,4
R21-LA-581,33.6.1,20,2,581,4/18/2021,3,1
R21-LA-582,33.6.2,298,2,582,4/12/2021,4,4
R21-LA-583,33.6.3,257,2,583,4/13/2021,1,1
R21-LA-584,33.6.4,359,2,584,4/12/2021,4,3
R21-LA-585,33.7.1,237,2,585,4/12/2021,2,1
R21-LA-586,33.7.2,72,2,586,4/18/2021,3,2
R21-LA-587,33.7.3,44,2,587,4/16/2021,4,4
R21-LA-588,33.7.4,104,2,588,4/16/2021,2,3
R21-LA-589,33.8.1,AGS2000,2,589,4/16/2021,4,4
R21-LA-590,33.8.2,304,2,590,4/13/2021,2,2
R21-LA-591,33.8.3,195,2,591,4/15/2021,3,2
R21-LA-592,33.8.4,354,2,592,4/12/2021,3,4
R21-LA-593,33.9.1,31,2,593,4/14/2021,3,1
R21-LA-594,33.9.2,317,2,594,4/23/2021,3,3
R21-LA-595,33.9.3,26,2,595,4/19/2021,4,4
R21-LA-596,33.9.4,165,2,596,4/17/2021,3,1
R21-LA-597,33.10.1,279,2,597,4/11/2021,3,3
R21-LA-598,33.10.2,312,2,598,4/15/2021,2,2
R21-LA-599,33.10.3,228,2,599,4/20/2021,3,1
R21-LA-600,33.10.4,269,2,600,4/14/2021,2,2
R21-LA-601,33.11.1,163,2,601,4/19/2021,2,1
R21-LA-602,33.11.2,116,2,602,4/13/2021,2,1
R21-LA-603,33.11.3,187,2,603,4/11/2021,2,1
R21-LA-604,33.11.4,256,2,604,4/14/2021,2,2
R21-LA-605,33.12.1,32,2,605,4/18/2021,3,3
R21-LA-606,33.12.2,65,2,606,4/12/2021,2,3
R21-LA-607,33.12.3,189,2,607,4/11/2021,1,1
R21-LA-608,33.12.4,150,2,608,4/12/2021,2,3
R21-LA-609,33.13.1,2,2,609,4/13/2021,2,2
R21-LA-610,33.13.2,306,2,610,4/12/2021,3,4
R21-LA-611,33.13.3,175,2,611,4/14/2021,4,4
R21-LA-612,33.13.4,LA95135,2,612,4/17/2021,1,1
R21-LA-613,33.14.1,45,2,613,4/20/2021,1,1
R21-LA-614,33.14.2,58,2,614,4/12/2021,2,2
R21-LA-615,33.14.3,309,2,615,4/14/2021,3,2
R21-LA-616,33.14.4,282,2,616,4/19/2021,3,3
R21-LA-617,33.15.1,3,2,617,4/16/2021,4,4
R21-LA-618,33.15.2,42,2,618,4/18/2021,3,3
R21-LA-619,33.15.3,232,2,619,4/17/2021,2,4
R21-LA-620,33.15.4,63,2,620,4/13/2021,2,3
R21-LA-621,33.16.1,273,2,621,4/13/2021,1,2
R21-LA-622,33.16.2,49,2,622,4/13/2021,2,3
R21-LA-623,33.16.3,337,2,623,4/12/2021,3,2
R21-LA-624,33.16.4,17,2,624,4/20/2021,3,1
R21-LA-625,33.17.1,255,2,625,4/16/2021,2,4
R21-LA-626,33.17.2,179,2,626,4/19/2021,4,3
R21-LA-627,33.17.3,24,2,627,4/15/2021,1,4
R21-LA-628,33.17.4,134,2,628,4/18/2021,2,3
R21-LA-629,33.18.1,267,2,629,4/17/2021,1,1
R21-LA-630,33.18.2,35,2,630,4/21/2021,4,3
R21-LA-631,33.18.3,57,2,631,4/14/2021,2,1
R21-LA-632,33.18.4,321,2,632,4/17/2021,2,1
R21-LA-633,33.19.1,203,2,633,4/17/2021,2,1
R21-LA-634,33.19.2,LA95135,2,634,4/16/2021,1,1
R21-LA-635,33.19.3,149,2,635,4/16/2021,2,4
R21-LA-636,33.19.4,48,2,636,4/17/2021,3,1
R21-LA-637,33.20.1,330,2,637,4/12/2021,2,4
R21-LA-638,33.20.2,168,2,638,4/11/2021,4,4
R21-LA-639,33.20.3,295,2,639,4/17/2021,2,2
R21-LA-640,33.20.4,4,2,640,4/17/2021,3,2
R21-LA-641,34.1.1,Barley,2,641,4/7/2021,,
R21-LA-642,34.1.2,LA95135,2,642,4/16/2021,1,1
R21-LA-643,34.1.3,AGS2000,2,643,4/16/2021,4,4
R21-LA-644,34.1.4,LA95135,2,644,4/18/2021,1,1
R21-LA-645,34.2.1,235,2,645,4/13/2021,2,1
R21-LA-646,34.2.2,AGS2000,2,646,4/16/2021,4,4
R21-LA-647,34.2.3,88,2,647,4/18/2021,1,2
R21-LA-648,34.2.4,47,2,648,4/12/2021,3,3
R21-LA-649,34.3.1,302,2,649,4/19/2021,3,1
R21-LA-650,34.3.2,126,2,650,4/19/2021,3,2
R21-LA-651,34.3.3,122,2,651,4/17/2021,3,3
R21-LA-652,34.3.4,334,2,652,4/17/2021,2,2
R21-LA-653,34.4.1,92,2,653,4/18/2021,1,2
R21-LA-654,34.4.2,146,2,654,4/18/2021,2,1
R21-LA-655,34.4.3,349,2,655,4/19/2021,2,1
R21-LA-656,34.4.4,124,2,656,4/19/2021,3,1
R21-LA-657,34.5.1,251,2,657,4/17/2021,3,4
R21-LA-658,34.5.2,233,2,658,4/14/2021,1,1
R21-LA-659,34.5.3,BLANK,null,659,4/20/2021,,
R21-LA-660,34.5.4,BLANK,null,660,4/19/2021,,
R21-LA-661,34.6.1,LA95135,null,661,4/21/2021,1,1
R21-LA-662,34.6.2,LA95135,null,662,4/18/2021,1,1
R21-LA-663,34.6.3,AGS2000,null,663,4/17/2021,4,4
R21-LA-664,34.6.4,AGS2000,null,664,4/16/2021,4,4
R21-LA-665,34.7.1,LA11-3,null,665,4/16/2021,4,3
R21-LA-666,34.7.2,LA11-5,null,666,4/13/2021,4,4
R21-LA-667,34.7.3,LA11-7,null,667,4/14/2021,4,4
R21-LA-668,34.7.4,LA11-4,null,668,4/13/2021,4,4
R21-LA-669,34.8.1,LA11-5,null,669,4/14/2021,4,4
R21-LA-670,34.8.2,LA11-7,null,670,4/13/2021,4,4
R21-LA-671,34.8.3,LA11-3,null,671,4/13/2021,3,4
R21-LA-672,34.8.4,LA11-4,null,672,4/12/2021,3,4
R21-LA-673,34.9.1,LA33-2,null,673,4/18/2021,1,3
R21-LA-674,34.9.2,LA33-8,null,674,4/14/2021,2,3
R21-LA-675,34.9.3,LA33-7,null,675,4/13/2021,2,2
R21-LA-676,34.9.4,LA33-13,null,676,4/13/2021,2,2
R21-LA-677,34.10.1,LA33-7,null,677,4/12/2021,2,2
R21-LA-678,34.10.2,LA33-13,null,678,4/13/2021,2,2
R21-LA-679,34.10.3,LA33-2,null,679,4/13/2021,1,4
R21-LA-680,34.10.4,LA33-8,null,680,4/14/2021,2,4
R21-LA-681,34.11.1,LA101-5,null,681,4/14/2021,3,4
R21-LA-682,34.11.2,LA101-12,null,682,4/13/2021,3,4
R21-LA-683,34.11.3,LA101-15,null,683,4/13/2021,3,4
R21-LA-684,34.11.4,LA101-9,null,684,4/12/2021,2,4
R21-LA-685,34.12.1,LA101-15,null,685,4/14/2021,4,4
R21-LA-686,34.12.2,LA101-9,null,686,4/13/2021,4,4
R21-LA-687,34.12.3,LA101-5,null,687,4/13/2021,3,4
R21-LA-688,34.12.4,LA101-12,null,688,4/12/2021,2,4
R21-LA-689,34.13.1,LA186-3,null,689,4/23/2021,3,1
R21-LA-690,34.13.2,LA186-12,null,690,4/21/2021,3,1
R21-LA-691,34.13.3,LA186-14,null,691,4/19/2021,2,1
R21-LA-692,34.13.4,LA186-7,null,692,4/21/2021,2,1
R21-LA-693,34.14.1,LA186-14,null,693,4/22/2021,2,1
R21-LA-694,34.14.2,LA186-7,null,694,4/20/2021,2,1
R21-LA-695,34.14.3,LA186-3,null,695,4/21/2021,3,1
R21-LA-696,34.14.4,LA186-12,null,696,4/21/2021,3,1
R21-LA-697,34.15.1,LA264-7,null,697,4/11/2021,2,2
R21-LA-698,34.15.2,LA264-1,null,698,4/9/2021,2,2
R21-LA-699,34.15.3,LA264-14,null,699,4/9/2021,3,2
R21-LA-700,34.15.4,LA264-15,null,700,4/11/2021,3,2
R21-LA-701,34.16.1,LA264-14,null,701,4/11/2021,2,2
R21-LA-702,34.16.2,LA264-7,null,702,4/10/2021,2,2
R21-LA-703,34.16.3,LA264-15,null,703,4/10/2021,2,2
R21-LA-704,34.16.4,LA264-1,null,704,4/11/2021,3,2
R21-LA-705,34.17.1,LA272-1,null,705,4/17/2021,2,4
R21-LA-706,34.17.2,LA272-2,null,706,4/18/2021,2,4
R21-LA-707,34.17.3,LA272-1,null,707,4/14/2021,2,4
R21-LA-708,34.17.4,LA272-2,null,708,4/15/2021,2,4
R21-LA-709,34.18.1,LA332-12,null,709,4/19/2021,3,2
R21-LA-710,34.18.2,LA332-3,null,710,4/18/2021,3,1
R21-LA-711,34.18.3,LA332-15,null,711,4/17/2021,4,2
R21-LA-712,34.18.4,LA332-2,null,712,4/18/2021,4,3
R21-LA-713,34.19.1,LA332-15,null,713,4/18/2021,4,2
R21-LA-714,34.19.2,LA332-12,null,714,4/17/2021,3,2
R21-LA-715,34.19.3,LA332-3,null,715,4/17/2021,2,2
R21-LA-716,34.19.4,BLANK,null,716,,,
R21-LA-717,34.20.1,AGS2000,null,717,4/13/2021,4,4
R21-LA-718,34.20.2,AGS2000,null,718,4/13/2021,4,4
R21-LA-719,34.20.3,LA95135,null,719,4/14/2021,1,1
R21-LA-720,34.20.4,LA95135,null,720,4/14/2021,1,1
