Entry,Wax.Leaf,Wax.Spike
12VTK4-118,2.75,3.25
14VDH-SRW14-150,1.50,1.75
15VDH-FHB-MAS25-15,4.00,3.00
15VDH-FHB-MAS29-15,3.25,2.50
15VDH-FHB-MAS33-13,3.25,3.75
15VDH-FHB-MAS34-18,4.00,3.25
15VDH-FHB-MAS38-01,1.00,2.25
15VDH-SRW02-307,3.50,2.75
15VDH-SRW06-235,3.75,2.00
15VDH-SRW06-259,3.00,1.50
15VDH-SRW07-231,1.50,2.75
15VDH-SRW12-134,2.75,3.00
15VTK-1-101,3.50,3.50
16VDH-SRW03-018,3.75,3.25
16VDH-SRW03-023,3.00,1.25
16VDH-SRW04-028,2.25,2.00
16VDH-SRW05-074,1.50,1.50
16VDH-SRW05-205,2.25,2.25
16VDH-SRW07-067,2.25,2.75
16VDH-SRW09-025,1.50,1.00
18-T1-UMD,4.21,3.11
18-T2-UMD,3.21,2.11
AR11051-15-3,0.75,1.25
AR12080DH-113,1.25,2.50
AR12080DH-56,1.00,2.00
AR12486-2422N,2.00,2.50
AR12486-2427N,1.50,2.50
AR15V07-15-1804N,2.75,1.50
AR15V21-09-2089N,2.50,2.50
AR15V26-10-2188N,2.50,1.25
ARDH14002-22-0260N,2.25,2.50
ARS16W0088,2.75,0.00
ARS17W0004,3.50,0.50
ARS17W0150,0.00,0.00
ARS17W0181,1.00,0.00
ARS17W0227,2.25,0.00
ARS17W0528,2.00,3.00
ARS17W0552,2.75,3.50
ARS17W0845,1.00,0.00
ARS17W0937,0.50,2.75
ARS17W1116,0.00,0.00
DH13SRW022-23,1.50,1.00
DH15SRW65-53,1.75,3.00
FL14167LDH-180,1.25,2.25
FL15105-LDH018,1.00,1.50
FL15105-LDH039,1.00,2.25
FL15105-LDH084,0.75,1.50
FL15105-LDH086,1.50,1.50
FL15105-LDH092,0.75,1.75
FL15105-LDH110,1.00,1.75
FL15105-LDH111,0.75,1.75
FL15105-LDH145,1.50,1.75
FL15105-LDH159,1.00,1.75
FL15105-LDH168,0.75,2.50
FL15105-LDH177,1.25,2.00
FL15105-LDH182,0.75,2.00
FL15105-LDH253,1.25,1.50
FL15105-LDH261,0.75,2.25
FL16009LDH-16-1PLANT,2.75,3.50
FL16045LDH-25,3.50,3.50
GA10457-4-2-1-6-1-7-19LE13,1.25,0.75
GA11052-3-1-2-19LE15,3.50,2.75
GA-111055-1-2-3-1-19LE12,3.00,3.50
GA121012-13-3-4-19LE8,3.00,4.00
GA12145-6-8-7-19E19,2.75,3.25
GA-12156-12-1-3-19LE11,4.00,2.50
GA12210-8-5-2-19E12,2.75,3.50
GA12271-1-1-5-19LE9,3.00,3.50
GA141077-G5-G95-18ESC27F,1.25,2.75
GA14438LDH-133-19LE23,4.00,4.00
GA151254-LDH071-19E32,3.75,2.75
GA151254-LDH130-19E34,3.75,3.00
GA15VDH-FHB-MAS23-18LE45F,2.25,1.00
GA15VDH-FHB-MAS27-07ADH33F,2.00,1.25
GAFHBMAS14031-201-19E25,2.75,3.00
IL15-27270,2.71,2.61
KY07C-1145-94-12-5,2.00,1.75
LA13082D-WN25-3,1.00,1.25
LA13084D-WN14-2,1.25,2.25
LA13098D-WN10-4,3.75,4.00
LA13148D-WN26-3,3.25,4.00
LA14086LDH-172,2.50,4.00
LA14101LDH-12A,2.50,3.75
LA14151SC-93,1.00,2.25
LA15015-LDH016,3.25,2.50
LA15203-LDH070,1.00,1.75
LA15203-LDH093,3.21,2.11
LA15203-LDH146,3.50,3.75
LA15203-LDH200,1.25,1.50
LA15203-LDH263,2.50,2.50
LA15203-LDH274,1.25,1.75
LA15VDH-FHB-MAS40-04-2,2.75,1.75
LA16020LDH-22,1.25,2.25
LANC11558-33,1.25,2.50
LUISA,2.25,2.75
MAS1407-056-6-3,3.00,1.75
MAS1407-085-1-1,1.50,1.00
MI15R0388,2.25,2.50
MI16R1019,2.75,3.00
MI17R0138,3.25,3.25
MI17R0357,2.50,1.50
MI17R0484,3.00,3.00
MI17W0100,1.75,2.00
MI17W0101,2.00,1.75
MI17W0133,3.25,2.75
NC13202-128,2.50,1.00
NC13206-360,0.50,0.75
NC13206-40,1.00,2.50
NC15V13-26,2.50,3.25
NC15V15-04,1.50,1.00
NC15V25-20,3.25,1.50
NC15V26-11,3.00,2.50
NC15V26-19,3.75,2.00
NC15V31-05,0.75,1.00
NC15V39-02,2.75,2.50
NC15V41-13,4.00,2.50
NC16-18146,4.00,2.25
NC16-19349,4.00,3.25
NC17-20510,2.75,2.00
NC17-20511,2.25,2.25
SY-100,2.75,2.00
TX18D3041,3.00,1.50
TX18D3130,1.50,1.50
TX18D3212,2.00,2.75
TX18D3220,3.50,2.75
TX18D3221,3.75,3.25
TX18D3240,3.25,2.75
TX18D3241,2.75,3.75
TX18D3243,3.25,3.50
TX18D3250,2.00,3.50
TX18D3256,3.00,2.25
TX18D3263,3.25,2.00
TX18D3282,3.50,3.75
TX18D3289,3.25,2.50
TX18D3291,3.50,3.00
TX18D3308,4.00,3.50
UX1099-1-06-33,2.75,3.50
UX1105-13-04-13,3.75,2.25
UX1120-5-08-35,2.75,3.50
UX1155-14-04-15,2.25,1.75
UX1162-4-36-04-06,2.25,2.75
UX1162-4-36-17-04,2.75,2.00
UX1162-4-56-88-17,3.25,2.50
UX1193-13-02-38,4.00,3.00
VA-MD16W-299,3.75,2.50
X12-052-1-13-3,2.00,2.00
X12-156-7-7-5,2.75,1.75
X12-156-9-13-3,4.00,3.50
X12-156-9-19-3,3.00,3.50
X12-265-55-9-5,2.50,1.75
X12-265-56-8-1,3.00,1.50
X12-3003-41-16-5,3.25,1.75
X12-3005-20-11-1,3.25,1.50
X12-3008-21-11-1,3.50,3.25
X12-3008-21-9-3,2.25,1.50
X12-3024-47-4-5,4.00,2.00
X12-3063-34-2-3,2.00,2.25
X12-3063-34-8-5,2.50,1.50
X12-3072-55-13-5,3.50,2.00
X12-3072-55-17-3,2.21,1.61
X12-3074-35-4-3,2.00,2.25
X12-3103-63-19-5,2.25,2.00
X12-3114-65-7-1,2.00,2.50
X12-323-62-2-3,2.75,1.50
X12-534-32-14-3,3.00,2.25
X12-541-33-11-3,2.50,2.00
X12-629-47-6-5,3.50,1.75
X12-864-18-2-3,1.75,1.50
X12-866-19-9-5,2.50,2.50
X12-920-39-9-5,3.00,2.00
X12-924-40-7-5,3.25,2.25
X12-974-18-1-3,3.25,3.00
